[HTTP] GET /test-route - 2026-03-13T18:10:54.726Z
[HTTP] GET /api/apis - 2026-03-14T06:47:26.604Z
[HTTP] GET /api/heartbeats - 2026-03-14T06:47:26.642Z
[HTTP] GET /api/ssl - 2026-03-14T06:47:41.523Z
[HTTP] GET /api/ssl - 2026-03-14T06:47:41.805Z
[HTTP] GET /api/ssl/69b4418bc6514a07bf889201 - 2026-03-14T06:48:12.127Z
[HTTP] GET /api/ssl/69b4418bc6514a07bf889201 - 2026-03-14T06:48:12.642Z
[HTTP] PATCH /api/ssl/69b4418bc6514a07bf889201/toggle - 2026-03-14T06:48:19.193Z
[HTTP] DELETE /api/ssl/69b4418bc6514a07bf889201 - 2026-03-14T06:48:22.914Z
[HTTP] GET /api/ssl - 2026-03-14T06:48:24.694Z
[HTTP] GET /api/ssl - 2026-03-14T06:48:25.380Z
[HTTP] GET /api/ssl/69b445efc6514a07bf88923c - 2026-03-14T06:48:29.606Z
[HTTP] GET /api/ssl/69b445efc6514a07bf88923c - 2026-03-14T06:48:29.732Z
[HTTP] GET /api/ssl - 2026-03-14T06:56:18.473Z
[HTTP] GET /api/ssl - 2026-03-14T06:56:18.696Z
[HTTP] GET /api/apis/69ae9605b96b9a9c182049cb/stats - 2026-03-14T06:56:47.807Z
[HTTP] GET /api/apis/69ae9605b96b9a9c182049cb/regional-stats - 2026-03-14T06:56:48.122Z
[HTTP] GET /api/apis/69ae9605b96b9a9c182049cb/advanced-stats - 2026-03-14T06:56:48.294Z
[HTTP] GET /api/apis/69ae9605b96b9a9c182049cb/regional-stats - 2026-03-14T06:56:49.300Z
[HTTP] GET /api/apis/69ae9605b96b9a9c182049cb/advanced-stats - 2026-03-14T06:56:49.423Z
[HTTP] GET /api/apis/69ae9605b96b9a9c182049cb/stats - 2026-03-14T06:56:49.622Z
[HTTP] GET /api/ssl - 2026-03-14T07:00:07.776Z
[HTTP] GET /api/ssl - 2026-03-14T07:00:07.937Z
[HTTP] GET /api/ssl/69b445efc6514a07bf88923c - 2026-03-14T07:00:23.869Z
[HTTP] GET /api/ssl/69b445efc6514a07bf88923c - 2026-03-14T07:00:24.026Z
[HTTP] GET /api/apis/incidents/all - 2026-03-14T07:00:32.308Z
[HTTP] GET /api/apis/incidents/all - 2026-03-14T07:00:33.085Z
[HTTP] GET /api/apis/69ae9605b96b9a9c182049cb/advanced-stats - 2026-03-14T07:11:11.904Z
[HTTP] GET /api/apis/69ae9605b96b9a9c182049cb/regional-stats - 2026-03-14T07:11:11.937Z
[HTTP] GET /api/apis/69ae9605b96b9a9c182049cb/stats - 2026-03-14T07:11:11.971Z
[HTTP] GET /api/apis/69ae9605b96b9a9c182049cb/regional-stats - 2026-03-14T07:11:12.129Z
[HTTP] GET /api/apis/69ae9605b96b9a9c182049cb/advanced-stats - 2026-03-14T07:11:12.172Z
[HTTP] GET /api/apis/69ae9605b96b9a9c182049cb/stats - 2026-03-14T07:11:12.348Z
[HTTP] GET /api/apis/69ae9605b96b9a9c182049cb/stats - 2026-03-14T07:12:13.394Z
[HTTP] GET /api/apis/69ae9605b96b9a9c182049cb/advanced-stats - 2026-03-14T07:12:13.404Z
[HTTP] GET /api/apis/69ae9605b96b9a9c182049cb/stats - 2026-03-14T07:12:19.763Z
[HTTP] GET /api/apis/69ae9605b96b9a9c182049cb/advanced-stats - 2026-03-14T07:12:19.775Z
[HTTP] GET /api/apis - 2026-03-14T07:12:19.788Z
[HTTP] GET /api/heartbeats - 2026-03-14T07:12:19.798Z
[HTTP] GET /api/apis/69ae9605b96b9a9c182049cb/stats - 2026-03-14T07:12:21.688Z
[HTTP] GET /api/apis/69ae9605b96b9a9c182049cb/advanced-stats - 2026-03-14T07:12:21.694Z
[HTTP] GET /api/apis - 2026-03-14T07:12:21.701Z
[HTTP] GET /api/heartbeats - 2026-03-14T07:12:21.708Z
[HTTP] GET /api/apis/incidents/all - 2026-03-14T07:13:56.556Z
[HTTP] GET /api/apis/incidents/all - 2026-03-14T07:13:56.865Z
[HTTP] GET /api/ssl - 2026-03-14T07:16:03.261Z
[HTTP] GET /api/ssl - 2026-03-14T07:16:03.375Z
[HTTP] GET /api/apis/incidents/all - 2026-03-14T07:16:53.241Z
[HTTP] GET /api/apis/incidents/all - 2026-03-14T07:16:53.593Z
[HTTP] GET /api/apis/69ae9605b96b9a9c182049cb/stats - 2026-03-14T07:17:13.380Z
[HTTP] GET /api/apis/69ae9605b96b9a9c182049cb/advanced-stats - 2026-03-14T07:17:13.390Z
[HTTP] GET /api/apis/69ae9605b96b9a9c182049cb/advanced-stats - 2026-03-14T07:17:13.606Z
[HTTP] GET /api/apis/69ae9605b96b9a9c182049cb/stats - 2026-03-14T07:17:13.680Z
[HTTP] GET /api/apis/69ae9605b96b9a9c182049cb/stats - 2026-03-14T07:18:29.870Z
[HTTP] GET /api/apis/69ae9605b96b9a9c182049cb/advanced-stats - 2026-03-14T07:18:29.889Z
[HTTP] GET /api/apis - 2026-03-14T07:18:29.899Z
[HTTP] GET /api/heartbeats - 2026-03-14T07:18:29.908Z
[HTTP] GET /api/apis/69ae9605b96b9a9c182049cb/stats - 2026-03-14T07:19:38.703Z
[HTTP] GET /api/apis/69ae9605b96b9a9c182049cb/advanced-stats - 2026-03-14T07:19:38.754Z
[HTTP] GET /api/apis - 2026-03-14T07:19:38.771Z
[HTTP] GET /api/heartbeats - 2026-03-14T07:19:38.779Z
[HTTP] GET /api/api-keys - 2026-03-14T07:21:35.873Z
[HTTP] GET /api/api-keys - 2026-03-14T07:21:36.605Z
[HTTP] GET /api/apis/incidents/all - 2026-03-14T07:22:47.722Z
[HTTP] GET /api/apis/incidents/all - 2026-03-14T07:22:47.994Z
[HTTP] GET /api/ssl - 2026-03-14T07:22:49.087Z
[HTTP] GET /api/ssl - 2026-03-14T07:22:49.403Z
[HTTP] GET /api/api-keys - 2026-03-14T07:23:12.429Z
[HTTP] GET /api/api-keys - 2026-03-14T07:23:12.832Z
[HTTP] GET /api/ssl - 2026-03-14T07:23:36.187Z
[HTTP] GET /api/ssl - 2026-03-14T07:23:36.745Z
[HTTP] GET /api/ssl/69b445efc6514a07bf88923c - 2026-03-14T07:24:01.834Z
[HTTP] GET /api/ssl/69b445efc6514a07bf88923c - 2026-03-14T07:24:01.972Z
[HTTP] GET /api/ssl - 2026-03-14T07:24:26.790Z
[HTTP] GET /api/ssl - 2026-03-14T07:24:27.560Z
[HTTP] GET /api/api-keys - 2026-03-14T07:53:22.781Z
[HTTP] GET /api/api-keys - 2026-03-14T07:53:22.881Z
[HTTP] POST /api/api-keys - 2026-03-14T07:55:40.798Z
[HTTP] GET /api/api-keys - 2026-03-14T07:55:41.099Z
[HTTP] GET /api/api-keys - 2026-03-14T08:03:27.198Z
[HTTP] GET /api/apis - 2026-03-14T08:03:27.242Z
[HTTP] GET /api/heartbeats - 2026-03-14T08:03:27.253Z
[HTTP] GET /api/api-keys - 2026-03-14T08:04:18.378Z
[HTTP] GET /api/apis - 2026-03-14T08:04:18.383Z
[HTTP] GET /api/heartbeats - 2026-03-14T08:04:18.391Z
[HTTP] GET /api/ssl - 2026-03-14T08:04:19.715Z
[HTTP] GET /api/ssl - 2026-03-14T08:04:19.826Z
[HTTP] GET /api/ssl - 2026-03-14T08:04:28.675Z
[HTTP] GET /api/ssl - 2026-03-14T08:04:28.813Z
[HTTP] GET /api/api-keys - 2026-03-14T08:04:34.571Z
[HTTP] GET /api/api-keys - 2026-03-14T08:04:34.738Z
[HTTP] GET /api/api-keys - 2026-03-14T08:20:31.465Z
[HTTP] GET /api/apis/incidents/all - 2026-03-14T08:22:28.073Z
[HTTP] GET /api/apis/incidents/all - 2026-03-14T08:22:28.271Z
[HTTP] GET /api/api-keys - 2026-03-14T08:22:29.598Z
[HTTP] GET /api/api-keys - 2026-03-14T08:22:29.694Z
[HTTP] DELETE /api/api-keys/69b5147ce3012f28a6a91063 - 2026-03-14T08:22:58.194Z
[HTTP] POST /api/api-keys - 2026-03-14T08:23:29.403Z
[HTTP] GET /api/api-keys - 2026-03-14T08:23:29.565Z
[HTTP] POST /api/api-keys/scan/69b51b01924eec0a1bc311ec - 2026-03-14T08:23:34.128Z
[HTTP] POST /api/api-keys/scan/69b51b01924eec0a1bc311ec - 2026-03-14T08:29:11.993Z
[HTTP] GET /api/apis - 2026-03-14T17:53:34.397Z
[HTTP] GET /api/heartbeats - 2026-03-14T17:53:34.412Z
[HTTP] GET /api/api-keys - 2026-03-14T17:59:34.109Z
[HTTP] GET /api/api-keys - 2026-03-14T17:59:34.305Z
[HTTP] POST /api/api-keys/scan/69b51b01924eec0a1bc311ec - 2026-03-14T17:59:39.780Z
[HTTP] GET /api/apis/incidents/all - 2026-03-14T17:59:44.767Z
[HTTP] GET /api/apis/incidents/all - 2026-03-14T17:59:45.266Z
[HTTP] GET /api/ssl - 2026-03-14T17:59:50.740Z
[HTTP] GET /api/ssl - 2026-03-14T17:59:51.027Z
[HTTP] GET /api/ssl - 2026-03-14T17:59:58.795Z
[HTTP] GET /api/ssl - 2026-03-14T17:59:59.379Z
[HTTP] GET /api/ssl/69b445efc6514a07bf88923c - 2026-03-14T18:00:07.336Z
[HTTP] GET /api/ssl/69b445efc6514a07bf88923c - 2026-03-14T18:00:07.482Z
[HTTP] GET /api/apis - 2026-03-14T18:07:10.276Z
[HTTP] GET /api/heartbeats - 2026-03-14T18:07:10.290Z
[HTTP] GET /api/apis - 2026-03-14T18:07:13.868Z
[HTTP] GET /api/heartbeats - 2026-03-14T18:07:13.881Z
[HTTP] GET /api/apis - 2026-03-19T05:55:47.755Z
[HTTP] GET /api/heartbeats - 2026-03-19T05:55:47.794Z
[HTTP] GET /api/apis/69ae9605b96b9a9c182049cb/stats - 2026-03-19T05:56:44.386Z
[HTTP] GET /api/apis/69ae9605b96b9a9c182049cb/advanced-stats - 2026-03-19T05:56:44.438Z
[HTTP] GET /api/apis/69ae9605b96b9a9c182049cb/advanced-stats - 2026-03-19T05:56:46.844Z
[HTTP] GET /api/apis/69ae9605b96b9a9c182049cb/stats - 2026-03-19T05:56:47.964Z
[HTTP] GET /api/ssl - 2026-03-19T06:08:15.223Z
[HTTP] GET /api/ssl - 2026-03-19T06:08:15.487Z
[HTTP] GET /api/ssl/69b445efc6514a07bf88923c - 2026-03-19T06:16:27.609Z
[HTTP] GET /api/ssl/69b445efc6514a07bf88923c - 2026-03-19T06:16:27.851Z
[HTTP] POST /api/ssl/69b445efc6514a07bf88923c/recheck - 2026-03-19T06:16:44.361Z
[HTTP] GET /api/ssl - 2026-03-19T06:23:31.404Z
[HTTP] GET /api/ssl - 2026-03-19T06:23:31.708Z
[HTTP] GET /api/api-keys - 2026-03-19T06:23:43.760Z
[HTTP] GET /api/api-keys - 2026-03-19T06:23:43.897Z
[HTTP] GET /api/ssl - 2026-03-19T06:23:59.812Z
[HTTP] GET /api/ssl - 2026-03-19T06:24:00.029Z
[HTTP] GET /api/ssl - 2026-03-19T06:24:08.386Z
[HTTP] GET /api/ssl - 2026-03-19T06:24:08.764Z
[HTTP] GET /api/ssl/69b445efc6514a07bf88923c - 2026-03-19T06:24:31.187Z
[HTTP] GET /api/ssl/69b445efc6514a07bf88923c - 2026-03-19T06:24:31.801Z
[HTTP] GET /api/ssl - 2026-03-19T06:24:58.882Z
[HTTP] GET /api/ssl - 2026-03-19T06:24:59.096Z
[HTTP] GET /api/api-keys - 2026-03-19T06:27:45.084Z
[HTTP] GET /api/api-keys - 2026-03-19T06:27:45.291Z
[HTTP] POST /api/api-keys/scan/69b51b01924eec0a1bc311ec - 2026-03-19T06:27:51.738Z
[HTTP] GET /api/api-keys - 2026-03-19T06:30:55.646Z
[HTTP] GET /api/apis/incidents/all - 2026-03-19T06:31:11.577Z
[HTTP] GET /api/apis/incidents/all - 2026-03-19T06:31:11.943Z
[HTTP] GET /api/ssl - 2026-03-19T06:31:13.430Z
[HTTP] GET /api/ssl - 2026-03-19T06:31:13.807Z
[HTTP] GET /api/ssl - 2026-03-19T06:39:34.062Z
[HTTP] GET /api/ssl - 2026-03-19T06:39:34.680Z
[HTTP] GET /api/ssl/69b445efc6514a07bf88923c - 2026-03-19T06:39:51.410Z
[HTTP] GET /api/ssl/69b445efc6514a07bf88923c - 2026-03-19T06:39:51.633Z
[HTTP] GET /api/api-keys - 2026-03-19T06:39:57.553Z
[HTTP] GET /api/api-keys - 2026-03-19T06:39:57.741Z
[HTTP] GET /api/ssl - 2026-03-19T06:41:47.039Z
[HTTP] GET /api/ssl - 2026-03-19T06:41:47.146Z
[HTTP] GET /api/ssl/69b445efc6514a07bf88923c - 2026-03-19T06:42:10.350Z
[HTTP] GET /api/ssl/69b445efc6514a07bf88923c - 2026-03-19T06:42:10.665Z
[HTTP] GET /api/ssl/69b445efc6514a07bf88923c - 2026-03-19T06:43:44.508Z
[HTTP] GET /api/apis - 2026-03-26T04:47:46.200Z
[HTTP] GET /api/heartbeats - 2026-03-26T04:47:46.502Z
[HTTP] GET /api/public/status/Grandel - 2026-03-26T04:48:37.812Z
[HTTP] GET /api/apis - 2026-03-26T04:48:37.838Z
[HTTP] GET /api/heartbeats - 2026-03-26T04:48:37.878Z
[HTTP] GET /api/api-keys - 2026-03-26T04:48:50.210Z
[HTTP] GET /api/api-keys - 2026-03-26T04:48:51.341Z
[HTTP] GET /api/apis/incidents/all - 2026-03-26T04:48:56.844Z
[HTTP] GET /api/apis/incidents/all - 2026-03-26T04:48:57.707Z
[HTTP] GET /api/ssl - 2026-03-26T04:49:00.700Z
[HTTP] GET /api/ssl - 2026-03-26T04:49:02.189Z
[HTTP] GET /api/ssl/69b445efc6514a07bf88923c - 2026-03-26T04:49:07.732Z
[HTTP] GET /api/ssl/69b445efc6514a07bf88923c - 2026-03-26T04:49:08.327Z
[HTTP] POST /api/ssl/69b445efc6514a07bf88923c/recheck - 2026-03-26T04:49:13.053Z
[HTTP] GET /api/ssl - 2026-03-26T04:49:19.000Z
[HTTP] GET /api/ssl - 2026-03-26T04:49:19.613Z
[HTTP] POST /api/heartbeats - 2026-03-26T04:49:54.518Z
[HTTP] GET /ping/3dc55d3e605df60f/start - 2026-03-26T04:50:08.423Z
[HTTP] GET /api/heartbeats/69c4baf32e730265ca1cdd5d/stats - 2026-03-26T04:50:19.222Z
[HTTP] GET /api/heartbeats/69c4baf32e730265ca1cdd5d/stats - 2026-03-26T04:50:21.317Z
[HTTP] GET /api/apis/69ae9605b96b9a9c182049cb/stats - 2026-03-26T04:50:42.865Z
[HTTP] GET /api/apis/69ae9605b96b9a9c182049cb/advanced-stats - 2026-03-26T04:50:42.873Z
[HTTP] GET /api/apis/69ae9605b96b9a9c182049cb/advanced-stats - 2026-03-26T04:50:44.217Z
[HTTP] GET /api/apis/69ae9605b96b9a9c182049cb/stats - 2026-03-26T04:50:44.895Z
[HTTP] GET /api/apis/69ae9605b96b9a9c182049cb/stats - 2026-03-26T04:50:52.015Z
[HTTP] GET /api/apis/69ae9605b96b9a9c182049cb/advanced-stats - 2026-03-26T04:50:52.020Z
[HTTP] GET /api/apis/69ae9605b96b9a9c182049cb/advanced-stats - 2026-03-26T04:50:53.747Z
[HTTP] GET /api/apis/69ae9605b96b9a9c182049cb/stats - 2026-03-26T04:50:55.293Z
[HTTP] DELETE /api/apis/69ae9605b96b9a9c182049cb - 2026-03-26T04:50:58.430Z
[HTTP] POST /api/apis - 2026-03-26T04:51:22.582Z
[HTTP] GET /api/apis/69c4bb4b2e730265ca1cdd97/stats - 2026-03-26T04:51:39.047Z
[HTTP] GET /api/apis/69c4bb4b2e730265ca1cdd97/advanced-stats - 2026-03-26T04:51:39.051Z
[HTTP] GET /api/apis/69c4bb4b2e730265ca1cdd97/advanced-stats - 2026-03-26T04:51:41.592Z
[HTTP] GET /api/apis/69c4bb4b2e730265ca1cdd97/stats - 2026-03-26T04:51:42.609Z
[HTTP] GET /api/apis/69c4bb4b2e730265ca1cdd97/stats - 2026-03-26T04:51:58.858Z
[HTTP] GET /api/apis/69c4bb4b2e730265ca1cdd97/advanced-stats - 2026-03-26T04:51:58.865Z
[HTTP] GET /api/apis/69c4bb4b2e730265ca1cdd97/advanced-stats - 2026-03-26T04:51:59.246Z
[HTTP] GET /api/apis/69c4bb4b2e730265ca1cdd97/stats - 2026-03-26T04:51:59.411Z
[HTTP] GET /api/apis/69c4bb4b2e730265ca1cdd97/stats - 2026-03-26T04:52:06.833Z
[HTTP] GET /api/apis/69c4bb4b2e730265ca1cdd97/advanced-stats - 2026-03-26T04:52:06.840Z
[HTTP] GET /api/apis/69c4bb4b2e730265ca1cdd97/advanced-stats - 2026-03-26T04:52:07.112Z
[HTTP] GET /api/apis/69c4bb4b2e730265ca1cdd97/stats - 2026-03-26T04:52:07.253Z
[HTTP] GET /api/apis/69c4bb4b2e730265ca1cdd97/stats - 2026-03-26T04:52:53.315Z
[HTTP] GET /api/apis/69c4bb4b2e730265ca1cdd97/advanced-stats - 2026-03-26T04:52:53.323Z
[HTTP] GET /api/apis/69c4bb4b2e730265ca1cdd97/advanced-stats - 2026-03-26T04:52:55.861Z
[HTTP] GET /api/apis/69c4bb4b2e730265ca1cdd97/stats - 2026-03-26T04:52:56.115Z
[HTTP] PATCH /api/apis/69c4bb4b2e730265ca1cdd97/toggle - 2026-03-26T04:53:06.766Z
[HTTP] GET /api/apis - 2026-03-28T13:15:24.973Z
[HTTP] GET /api/heartbeats - 2026-03-28T13:15:25.001Z
[HTTP] GET /api/heartbeats/69c4baf32e730265ca1cdd5d/stats - 2026-03-28T13:17:41.156Z
[HTTP] GET /api/heartbeats/69c4baf32e730265ca1cdd5d/stats - 2026-03-28T13:17:41.406Z
[HTTP] GET /api/apis/incidents/all - 2026-03-28T13:18:23.291Z
[HTTP] GET /api/apis/incidents/all - 2026-03-28T13:18:23.455Z
[HTTP] GET /api/heartbeats/69c4baf32e730265ca1cdd5d/stats - 2026-03-28T13:19:03.438Z
[HTTP] GET /api/heartbeats/69c4baf32e730265ca1cdd5d/stats - 2026-03-28T13:19:03.639Z
[HTTP] PATCH /api/heartbeats/69c4baf32e730265ca1cdd5d/toggle - 2026-03-28T13:20:53.043Z
[HTTP] PATCH /api/heartbeats/69c4baf32e730265ca1cdd5d/toggle - 2026-03-28T13:21:03.125Z
[HTTP] GET /ping/3dc55d3e605df60f/start - 2026-03-28T13:22:00.133Z
[HTTP] GET /api/heartbeats/69c4baf32e730265ca1cdd5d/stats - 2026-03-28T13:37:06.216Z
[HTTP] GET /api/heartbeats/69c4baf32e730265ca1cdd5d/stats - 2026-03-28T13:37:06.539Z
[HTTP] GET /api/ssl - 2026-03-28T13:37:20.105Z
[HTTP] GET /api/ssl - 2026-03-28T13:37:20.281Z
[HTTP] GET /api/api-keys - 2026-03-28T13:37:27.809Z
[HTTP] GET /api/api-keys - 2026-03-28T13:37:28.390Z
[HTTP] GET /api/apis/incidents/all - 2026-03-28T13:37:33.846Z
[HTTP] GET /api/apis/incidents/all - 2026-03-28T13:37:34.279Z
[HTTP] GET /api/public/status/Grandel - 2026-03-28T13:37:44.495Z
[HTTP] GET /api/apis - 2026-03-28T13:37:44.527Z
[HTTP] GET /api/heartbeats - 2026-03-28T13:37:44.546Z
[HTTP] GET /api/ssl - 2026-03-28T13:44:04.549Z
[HTTP] GET /api/ssl - 2026-03-28T13:44:04.822Z
[HTTP] GET /api/apis - 2026-03-28T14:10:23.674Z
[HTTP] GET /api/heartbeats - 2026-03-28T14:10:23.677Z
[HTTP] GET /api/apis - 2026-03-28T14:25:09.818Z
[HTTP] GET /api/heartbeats - 2026-03-28T14:25:09.831Z
[HTTP] GET /api/apis - 2026-03-28T14:25:11.491Z
[HTTP] GET /api/heartbeats - 2026-03-28T14:25:11.496Z
[HTTP] GET /api/apis - 2026-03-28T14:43:46.679Z
[HTTP] GET /api/heartbeats - 2026-03-28T14:43:46.705Z
[HTTP] GET /api/apis - 2026-03-31T17:21:35.368Z
[HTTP] GET /api/heartbeats - 2026-03-31T17:21:35.421Z
[HTTP] GET /api/apis/test-ping - 2026-03-31T17:21:46.925Z
[HTTP] GET /api/apis - 2026-03-31T17:22:09.752Z
[HTTP] GET /api/heartbeats - 2026-03-31T17:22:09.923Z
[HTTP] GET /api/apis - 2026-03-31T17:25:40.159Z
[HTTP] GET /api/heartbeats - 2026-03-31T17:25:40.201Z
[HTTP] GET /api/health - 2026-03-31T17:29:08.728Z
[HTTP] GET /api/apis - 2026-04-02T10:10:37.184Z
[HTTP] GET /api/heartbeats - 2026-04-02T10:10:37.242Z
[HTTP] GET /api/ssl - 2026-04-02T10:27:18.779Z
[HTTP] GET /api/ssl - 2026-04-02T10:27:18.786Z
[HTTP] GET /api/apis - 2026-04-02T10:30:37.493Z
[HTTP] GET /api/heartbeats - 2026-04-02T10:30:37.581Z
[HTTP] POST /api/auth/login - 2026-04-02T10:30:53.121Z
[HTTP] GET /api/apis - 2026-04-02T10:30:53.488Z
[HTTP] GET /api/heartbeats - 2026-04-02T10:30:53.499Z
[HTTP] GET /api/ssl - 2026-04-02T10:41:01.014Z
[HTTP] GET /api/ssl - 2026-04-02T10:41:01.854Z
[HTTP] GET /api/apis/incidents/all - 2026-04-02T10:41:10.844Z
[HTTP] GET /api/apis/incidents/all - 2026-04-02T10:41:11.314Z
[HTTP] GET /api/ssl - 2026-04-02T10:41:13.827Z
[HTTP] GET /api/ssl - 2026-04-02T10:41:14.411Z
[HTTP] PATCH /api/heartbeats/69c4baf32e730265ca1cdd5d/toggle - 2026-04-02T10:41:28.175Z
[HTTP] GET /api/apis - 2026-04-04T17:02:18.336Z
[HTTP] GET /api/heartbeats - 2026-04-04T17:02:18.358Z
[HTTP] GET /api/ssl - 2026-04-04T17:23:24.823Z
[HTTP] GET /api/ssl - 2026-04-04T17:23:25.187Z
[HTTP] GET /api/api-keys - 2026-04-04T17:23:28.634Z
[HTTP] GET /api/api-keys - 2026-04-04T17:23:28.985Z
[HTTP] GET /api/apis/incidents/all - 2026-04-04T17:23:30.296Z
[HTTP] GET /api/apis/incidents/all - 2026-04-04T17:23:30.624Z
[HTTP] GET /api/api-keys - 2026-04-04T17:23:34.458Z
[HTTP] GET /api/api-keys - 2026-04-04T17:23:34.708Z
[HTTP] GET /api/apis - 2026-04-04T17:51:30.290Z
[HTTP] GET /api/heartbeats - 2026-04-04T17:51:30.326Z
[HTTP] POST /api/auth/login - 2026-04-04T17:56:06.490Z
[HTTP] GET /api/apis - 2026-04-04T17:56:06.962Z
[HTTP] GET /api/heartbeats - 2026-04-04T17:56:06.968Z
[HTTP] GET /api/apis - 2026-04-04T17:58:14.706Z
[HTTP] GET /api/heartbeats - 2026-04-04T17:58:14.719Z
[HTTP] GET /api/apis - 2026-04-04T17:59:34.801Z
[HTTP] GET /api/heartbeats - 2026-04-04T17:59:34.809Z
[HTTP] GET /api/tcp - 2026-04-04T17:59:50.611Z
[HTTP] GET /api/tcp - 2026-04-04T17:59:50.895Z
[HTTP] GET /api/dns - 2026-04-04T18:00:26.032Z
[HTTP] GET /api/dns - 2026-04-04T18:00:26.151Z
[HTTP] GET /api/domains - 2026-04-04T18:00:45.703Z
[HTTP] GET /api/domains - 2026-04-04T18:00:45.809Z
[HTTP] GET /api/tcp - 2026-04-04T18:02:11.221Z
[HTTP] GET /api/tcp - 2026-04-04T18:02:11.348Z
[HTTP] POST /api/tcp - 2026-04-04T18:03:12.734Z
[HTTP] GET /api/tcp - 2026-04-04T18:03:17.406Z
[HTTP] GET /api/tcp/69d1526064b80d1472bc9023 - 2026-04-04T18:03:54.819Z
[HTTP] GET /api/tcp/69d1526064b80d1472bc9023/logs?limit=50 - 2026-04-04T18:03:54.826Z
[HTTP] GET /api/tcp/69d1526064b80d1472bc9023/stats - 2026-04-04T18:03:54.832Z
[HTTP] GET /api/tcp/69d1526064b80d1472bc9023 - 2026-04-04T18:03:55.092Z
[HTTP] GET /api/tcp/69d1526064b80d1472bc9023/logs?limit=50 - 2026-04-04T18:03:55.097Z
[HTTP] GET /api/tcp/69d1526064b80d1472bc9023/stats - 2026-04-04T18:03:55.109Z
[HTTP] POST /api/tcp/69d1526064b80d1472bc9023/recheck - 2026-04-04T18:04:12.367Z
[HTTP] GET /api/tcp/69d1526064b80d1472bc9023 - 2026-04-04T18:04:14.800Z
[HTTP] GET /api/tcp/69d1526064b80d1472bc9023/stats - 2026-04-04T18:04:14.805Z
[HTTP] GET /api/tcp/69d1526064b80d1472bc9023/logs?limit=50 - 2026-04-04T18:04:14.813Z
[HTTP] PATCH /api/tcp/69d1526064b80d1472bc9023/toggle - 2026-04-04T18:04:25.647Z
[HTTP] GET /api/tcp/69d1526064b80d1472bc9023 - 2026-04-04T18:04:26.047Z
[HTTP] GET /api/tcp/69d1526064b80d1472bc9023/stats - 2026-04-04T18:04:26.054Z
[HTTP] GET /api/tcp/69d1526064b80d1472bc9023/logs?limit=50 - 2026-04-04T18:04:26.065Z
[HTTP] DELETE /api/tcp/69d1526064b80d1472bc9023 - 2026-04-04T18:04:44.197Z
[HTTP] GET /api/tcp - 2026-04-04T18:04:44.563Z
[HTTP] GET /api/tcp - 2026-04-04T18:04:44.812Z
[HTTP] GET /api/dns - 2026-04-04T18:05:01.889Z
[HTTP] GET /api/dns - 2026-04-04T18:05:02.092Z
[HTTP] POST /api/dns - 2026-04-04T18:05:32.454Z
[HTTP] GET /api/dns - 2026-04-04T18:05:37.207Z
[HTTP] GET /api/dns/69d152ec64b80d1472bc906e - 2026-04-04T18:05:38.697Z
[HTTP] GET /api/dns/69d152ec64b80d1472bc906e/logs?limit=50 - 2026-04-04T18:05:38.706Z
[HTTP] GET /api/dns/69d152ec64b80d1472bc906e - 2026-04-04T18:05:38.894Z
[HTTP] GET /api/dns/69d152ec64b80d1472bc906e/logs?limit=50 - 2026-04-04T18:05:38.957Z
[HTTP] POST /api/dns/69d152ec64b80d1472bc906e/rebaseline - 2026-04-04T18:05:51.630Z
[HTTP] GET /api/dns/69d152ec64b80d1472bc906e - 2026-04-04T18:05:52.874Z
[HTTP] GET /api/dns/69d152ec64b80d1472bc906e/logs?limit=50 - 2026-04-04T18:05:52.881Z
[HTTP] PATCH /api/dns/69d152ec64b80d1472bc906e/toggle - 2026-04-04T18:06:00.849Z
[HTTP] GET /api/dns/69d152ec64b80d1472bc906e - 2026-04-04T18:06:01.449Z
[HTTP] GET /api/dns/69d152ec64b80d1472bc906e/logs?limit=50 - 2026-04-04T18:06:01.472Z
[HTTP] GET /api/dns - 2026-04-04T18:06:05.117Z
[HTTP] GET /api/dns - 2026-04-04T18:06:05.444Z
[HTTP] GET /api/dns/69d152ec64b80d1472bc906e - 2026-04-04T18:06:16.854Z
[HTTP] GET /api/dns/69d152ec64b80d1472bc906e/logs?limit=50 - 2026-04-04T18:06:16.859Z
[HTTP] GET /api/dns/69d152ec64b80d1472bc906e - 2026-04-04T18:06:16.967Z
[HTTP] GET /api/dns/69d152ec64b80d1472bc906e/logs?limit=50 - 2026-04-04T18:06:17.008Z
[HTTP] DELETE /api/dns/69d152ec64b80d1472bc906e - 2026-04-04T18:06:22.804Z
[HTTP] GET /api/dns - 2026-04-04T18:06:23.176Z
[HTTP] GET /api/dns - 2026-04-04T18:06:23.378Z
[HTTP] GET /api/domains - 2026-04-04T18:06:25.637Z
[HTTP] GET /api/domains - 2026-04-04T18:06:25.767Z
[HTTP] GET /api/dns - 2026-04-04T18:06:40.993Z
[HTTP] GET /api/dns - 2026-04-04T18:06:41.093Z
[HTTP] GET /api/tcp - 2026-04-04T18:06:42.177Z
[HTTP] GET /api/tcp - 2026-04-04T18:06:42.291Z
[HTTP] GET /api/apis - 2026-04-05T11:44:10.973Z
[HTTP] GET /api/heartbeats - 2026-04-05T11:44:11.014Z
[HTTP] GET /api/domains - 2026-04-05T11:44:47.177Z
[HTTP] GET /api/domains - 2026-04-05T11:44:47.509Z
[HTTP] GET /api/apis - 2026-04-05T11:57:49.753Z
[HTTP] GET /api/heartbeats - 2026-04-05T11:57:50.318Z
[HTTP] GET /api/apis/incidents/all - 2026-04-05T12:06:45.442Z
[HTTP] GET /api/apis/incidents/all - 2026-04-05T12:06:46.069Z
[HTTP] GET /api/apis/699dd971aee6d6d7114db0e1/stats - 2026-04-05T12:13:02.724Z
[HTTP] GET /api/apis/699dd971aee6d6d7114db0e1/advanced-stats - 2026-04-05T12:13:02.878Z
[HTTP] GET /api/alert-channels/monitor/699dd971aee6d6d7114db0e1 - 2026-04-05T12:13:02.927Z
[HTTP] GET /api/apis/699dd971aee6d6d7114db0e1/advanced-stats - 2026-04-05T12:13:03.117Z
[HTTP] GET /api/alert-channels/monitor/699dd971aee6d6d7114db0e1 - 2026-04-05T12:13:03.144Z
[HTTP] GET /api/apis/699dd971aee6d6d7114db0e1/stats - 2026-04-05T12:13:03.322Z
[HTTP] PATCH /api/apis/699dd971aee6d6d7114db0e1/toggle - 2026-04-05T12:13:10.095Z
[HTTP] GET /api/apis/699dd971aee6d6d7114db0e1/stats - 2026-04-05T12:14:48.858Z
[HTTP] GET /api/apis/699dd971aee6d6d7114db0e1/advanced-stats - 2026-04-05T12:14:49.268Z
[HTTP] GET /api/alert-channels/monitor/699dd971aee6d6d7114db0e1 - 2026-04-05T12:14:49.570Z
[HTTP] GET /api/alert-channels/monitor/699dd971aee6d6d7114db0e1 - 2026-04-05T12:14:51.373Z
[HTTP] GET /api/apis/699dd971aee6d6d7114db0e1/advanced-stats - 2026-04-05T12:14:51.532Z
[HTTP] GET /api/apis/699dd971aee6d6d7114db0e1/stats - 2026-04-05T12:14:52.087Z
[HTTP] PATCH /api/apis/699dd971aee6d6d7114db0e1/toggle - 2026-04-05T12:14:55.544Z
[HTTP] GET /api/ssl - 2026-04-05T12:15:26.285Z
[HTTP] GET /api/ssl - 2026-04-05T12:15:26.768Z
[HTTP] GET /api/tcp - 2026-04-05T12:15:34.051Z
[HTTP] GET /api/tcp - 2026-04-05T12:15:34.586Z
[HTTP] GET /api/tcp - 2026-04-05T12:20:12.605Z
[HTTP] GET /api/tcp - 2026-04-05T12:20:55.252Z
[HTTP] GET /api/apis - 2026-04-13T08:51:09.323Z
[HTTP] GET /api/heartbeats - 2026-04-13T08:51:09.355Z
[HTTP] GET /api/ssl - 2026-04-13T08:51:32.587Z
[HTTP] GET /api/ssl - 2026-04-13T08:51:32.849Z
[HTTP] GET /api/api-keys - 2026-04-13T08:51:35.337Z
[HTTP] GET /api/api-keys - 2026-04-13T08:51:35.568Z
[HTTP] GET /api/tcp - 2026-04-13T08:51:37.507Z
[HTTP] GET /api/tcp - 2026-04-13T08:51:37.732Z
[HTTP] GET /api/dns - 2026-04-13T08:51:50.524Z
[HTTP] GET /api/dns - 2026-04-13T08:51:54.165Z
[HTTP] GET /api/apis - 2026-05-15T09:33:55.631Z
[HTTP] GET /api/heartbeats - 2026-05-15T09:33:55.651Z
[HTTP] POST /api/auth/login - 2026-05-15T09:34:31.253Z
[HTTP] GET /api/apis - 2026-05-15T09:34:31.568Z
[HTTP] GET /api/heartbeats - 2026-05-15T09:34:31.670Z
[HTTP] GET /api/ssl - 2026-05-15T09:35:21.204Z
[HTTP] GET /api/ssl - 2026-05-15T09:35:21.375Z
[HTTP] GET /api/api-keys - 2026-05-15T09:35:28.159Z
[HTTP] GET /api/api-keys - 2026-05-15T09:35:28.364Z
[HTTP] GET /api/tcp - 2026-05-15T09:35:33.335Z
[HTTP] GET /api/tcp - 2026-05-15T09:35:34.009Z
[HTTP] GET /api/dns - 2026-05-15T09:35:43.715Z
[HTTP] GET /api/dns - 2026-05-15T09:35:43.904Z
[HTTP] GET /api/domains - 2026-05-15T09:35:49.509Z
[HTTP] GET /api/domains - 2026-05-15T09:35:49.642Z
[HTTP] GET /api/apis/incidents/all - 2026-05-15T09:35:52.104Z
[HTTP] GET /api/apis/incidents/all - 2026-05-15T09:35:52.622Z
[HTTP] GET /api/domains - 2026-05-15T09:36:03.372Z
[HTTP] GET /api/domains - 2026-05-15T09:36:03.540Z
[HTTP] GET /api/maintenance - 2026-05-15T11:34:21.470Z
[HTTP] GET /api/maintenance - 2026-05-15T11:34:21.641Z
[HTTP] GET /api/team - 2026-05-15T11:34:41.343Z
[HTTP] GET /api/team/org - 2026-05-15T11:34:41.366Z
[HTTP] GET /api/team - 2026-05-15T11:34:41.452Z
[HTTP] GET /api/team/org - 2026-05-15T11:34:41.462Z
[HTTP] GET /api/maintenance - 2026-05-15T11:35:03.576Z
[HTTP] GET /api/maintenance - 2026-05-15T11:35:03.692Z
[HTTP] GET /api/maintenance - 2026-05-15T11:35:21.124Z
[HTTP] GET /api/apis - 2026-05-15T11:35:21.380Z
[HTTP] GET /api/heartbeats - 2026-05-15T11:35:21.478Z
[HTTP] GET /api/maintenance - 2026-05-15T11:35:21.751Z
[HTTP] GET /api/team - 2026-05-15T11:35:26.572Z
[HTTP] GET /api/team/org - 2026-05-15T11:35:26.577Z
[HTTP] GET /api/team - 2026-05-15T11:35:26.812Z
[HTTP] GET /api/team/org - 2026-05-15T11:35:26.820Z
[HTTP] GET /api/maintenance - 2026-05-15T11:35:28.917Z
[HTTP] GET /api/maintenance - 2026-05-15T11:35:29.274Z
[HTTP] GET /api/audit-log - 2026-05-15T11:35:30.286Z
[HTTP] GET /api/audit-log - 2026-05-15T11:35:30.513Z
[HTTP] GET /api/maintenance - 2026-05-15T11:48:02.408Z
[HTTP] GET /api/maintenance - 2026-05-15T11:48:02.553Z
[HTTP] GET /api/team - 2026-05-15T11:48:03.340Z
[HTTP] GET /api/team/org - 2026-05-15T11:48:03.345Z
[HTTP] GET /api/team/org - 2026-05-15T11:48:03.614Z
[HTTP] GET /api/team - 2026-05-15T11:48:03.621Z
[HTTP] GET /api/ssl - 2026-05-15T11:49:25.717Z
[HTTP] GET /api/ssl - 2026-05-15T11:49:26.886Z
[HTTP] GET /api/ssl/69b445efc6514a07bf88923c - 2026-05-15T11:49:32.486Z
[HTTP] GET /api/alert-channels/monitor/69b445efc6514a07bf88923c - 2026-05-15T11:49:32.494Z
[HTTP] GET /api/ssl/69b445efc6514a07bf88923c - 2026-05-15T11:49:32.830Z
[HTTP] GET /api/alert-channels/monitor/69b445efc6514a07bf88923c - 2026-05-15T11:49:32.837Z
[HTTP] GET /api/team - 2026-05-15T11:51:06.796Z
[HTTP] GET /api/team/org - 2026-05-15T11:51:06.805Z
[HTTP] GET /api/team - 2026-05-15T11:51:06.845Z
[HTTP] GET /api/team/org - 2026-05-15T11:51:06.860Z
[HTTP] GET /api/maintenance - 2026-05-15T11:51:23.219Z
[HTTP] GET /api/maintenance - 2026-05-15T11:51:23.347Z
[HTTP] GET /api/team - 2026-05-15T11:51:26.911Z
[HTTP] GET /api/team/org - 2026-05-15T11:51:26.915Z
[HTTP] GET /api/team - 2026-05-15T11:51:26.962Z
[HTTP] GET /api/team/org - 2026-05-15T11:51:26.972Z
[HTTP] GET /api/auth/me - 2026-05-15T11:52:04.079Z
[HTTP] GET /api/apis - 2026-05-15T11:52:04.104Z
[HTTP] GET /api/heartbeats - 2026-05-15T11:52:04.106Z
[HTTP] GET /api/team - 2026-05-15T11:52:04.518Z
[HTTP] GET /api/team/org - 2026-05-15T11:52:04.521Z
[HTTP] GET /api/team/org - 2026-05-15T11:52:04.628Z
[HTTP] GET /api/team - 2026-05-15T11:52:04.693Z
[HTTP] POST /api/team/invite - 2026-05-15T11:59:16.870Z
[HTTP] POST /api/auth/register - 2026-05-15T11:59:58.503Z
[HTTP] GET /api/apis - 2026-05-15T11:59:59.480Z
[HTTP] GET /api/heartbeats - 2026-05-15T11:59:59.486Z
[HTTP] GET /api/maintenance - 2026-05-15T12:00:13.398Z
[HTTP] GET /api/maintenance - 2026-05-15T12:00:13.642Z
[HTTP] GET /api/team - 2026-05-15T12:00:15.769Z
[HTTP] GET /api/team/org - 2026-05-15T12:00:15.775Z
[HTTP] GET /api/team/org - 2026-05-15T12:00:16.314Z
[HTTP] GET /api/team - 2026-05-15T12:00:16.361Z
[HTTP] GET /api/auth/me - 2026-05-15T12:06:49.967Z
[HTTP] GET /api/apis - 2026-05-15T12:06:49.993Z
[HTTP] GET /api/heartbeats - 2026-05-15T12:06:50.004Z
[HTTP] GET /api/team - 2026-05-15T12:06:50.182Z
[HTTP] GET /api/team/org - 2026-05-15T12:06:50.187Z
[HTTP] GET /api/team/org - 2026-05-15T12:06:50.347Z
[HTTP] GET /api/team - 2026-05-15T12:06:50.400Z
[HTTP] GET /api/notifications/unread-count - 2026-05-15T12:08:27.149Z
[HTTP] GET /api/auth/me - 2026-05-15T12:08:27.658Z
[HTTP] GET /api/apis - 2026-05-15T12:08:27.683Z
[HTTP] GET /api/heartbeats - 2026-05-15T12:08:27.686Z
[HTTP] GET /api/notifications/unread-count - 2026-05-15T12:08:27.870Z
[HTTP] GET /api/team - 2026-05-15T12:08:27.877Z
[HTTP] GET /api/team/org - 2026-05-15T12:08:27.881Z
[HTTP] GET /api/team/org - 2026-05-15T12:08:27.978Z
[HTTP] GET /api/notifications/unread-count - 2026-05-15T12:08:27.982Z
[HTTP] GET /api/team - 2026-05-15T12:08:28.061Z
[HTTP] GET /api/notifications/unread-count - 2026-05-15T12:09:28.043Z
[HTTP] GET /api/notifications/unread-count - 2026-05-15T12:10:28.050Z
[HTTP] GET /api/notifications/unread-count - 2026-05-15T12:11:28.046Z
[HTTP] GET /api/notifications/unread-count - 2026-05-15T12:12:28.140Z
[HTTP] GET /api/auth/me - 2026-05-15T12:12:59.959Z
[HTTP] GET /api/apis - 2026-05-15T12:12:59.971Z
[HTTP] GET /api/heartbeats - 2026-05-15T12:12:59.976Z
[HTTP] GET /api/notifications/unread-count - 2026-05-15T12:13:00.216Z
[HTTP] GET /api/team - 2026-05-15T12:13:00.221Z
[HTTP] GET /api/team/org - 2026-05-15T12:13:00.227Z
[HTTP] GET /api/notifications/unread-count - 2026-05-15T12:13:00.295Z
[HTTP] GET /api/team/org - 2026-05-15T12:13:00.319Z
[HTTP] GET /api/team - 2026-05-15T12:13:00.369Z
[HTTP] GET /api/notifications/unread-count - 2026-05-15T12:14:00.213Z
[HTTP] GET /api/notifications/unread-count - 2026-05-15T12:15:00.216Z
[HTTP] GET /api/notifications - 2026-05-15T12:15:57.336Z
[HTTP] GET /api/notifications/unread-count - 2026-05-15T12:16:00.211Z
[HTTP] GET /api/maintenance - 2026-05-15T12:16:03.237Z
[HTTP] GET /api/maintenance - 2026-05-15T12:16:03.344Z
[HTTP] GET /api/notifications/unread-count - 2026-05-15T12:16:05.166Z
[HTTP] GET /api/notifications - 2026-05-15T12:16:07.243Z
[HTTP] PATCH /api/notifications/read-all - 2026-05-15T12:16:09.488Z
[HTTP] GET /api/auth/me - 2026-05-15T13:41:45.374Z
[HTTP] GET /api/apis - 2026-05-15T13:41:45.411Z
[HTTP] GET /api/heartbeats - 2026-05-15T13:41:45.422Z
[HTTP] GET /api/notifications/unread-count - 2026-05-15T13:41:50.111Z
[HTTP] GET /api/notifications/unread-count - 2026-05-15T13:41:50.235Z
[HTTP] GET /api/notifications/unread-count - 2026-05-15T13:42:51.058Z
[HTTP] GET /api/notifications/unread-count - 2026-05-15T13:43:51.048Z
[HTTP] GET /api/notifications/unread-count - 2026-05-15T13:44:51.052Z
[HTTP] GET /api/notifications/unread-count - 2026-05-15T13:45:51.041Z
[HTTP] GET /api/notifications/unread-count - 2026-05-15T13:46:51.040Z
[HTTP] GET /api/notifications/unread-count - 2026-05-15T13:47:51.049Z
[HTTP] GET /api/notifications/unread-count - 2026-05-15T13:48:52.153Z
[HTTP] GET /api/notifications/unread-count - 2026-05-15T13:49:52.050Z
[HTTP] GET /api/notifications/unread-count - 2026-05-15T13:50:51.046Z
[HTTP] GET /api/notifications/unread-count - 2026-05-15T13:51:52.047Z
[HTTP] GET /api/notifications/unread-count - 2026-05-15T13:52:52.045Z
[HTTP] GET /api/notifications/unread-count - 2026-05-15T13:53:52.044Z
[HTTP] GET /api/notifications/unread-count - 2026-05-15T13:54:52.052Z
[HTTP] GET /api/notifications/unread-count - 2026-05-15T13:55:52.051Z
[HTTP] GET /api/notifications/unread-count - 2026-05-15T13:56:52.039Z
[HTTP] GET /api/notifications/unread-count - 2026-05-15T13:57:52.052Z
[HTTP] GET /api/notifications/unread-count - 2026-05-15T13:58:52.049Z
[HTTP] GET /api/notifications/unread-count - 2026-05-15T13:59:52.052Z
[HTTP] GET /api/notifications/unread-count - 2026-05-15T14:00:52.046Z
[HTTP] GET /api/notifications/unread-count - 2026-05-15T14:01:52.037Z
[HTTP] GET /api/notifications/unread-count - 2026-05-15T14:02:52.047Z
[HTTP] GET /api/notifications/unread-count - 2026-05-15T14:03:52.048Z
[HTTP] GET /api/notifications/unread-count - 2026-05-15T14:04:52.038Z
[HTTP] GET /api/notifications/unread-count - 2026-05-15T14:05:52.049Z
[HTTP] GET /api/notifications/unread-count - 2026-05-15T14:06:52.051Z
[HTTP] GET /api/notifications/unread-count - 2026-05-15T14:07:52.060Z
[HTTP] GET /api/notifications/unread-count - 2026-05-15T14:08:52.048Z
[HTTP] GET /api/notifications/unread-count - 2026-05-15T14:09:52.102Z
[HTTP] GET /api/notifications/unread-count - 2026-05-15T14:10:52.041Z
[HTTP] GET /api/notifications/unread-count - 2026-05-15T14:11:52.045Z
[HTTP] GET /api/notifications/unread-count - 2026-05-15T14:12:52.037Z
[HTTP] GET /api/notifications/unread-count - 2026-05-15T14:13:52.041Z
[HTTP] GET /api/notifications/unread-count - 2026-05-15T14:14:52.042Z
[HTTP] GET /api/notifications/unread-count - 2026-05-15T14:15:52.058Z
[HTTP] GET /api/apis - 2026-05-15T14:16:01.798Z
[HTTP] GET /api/auth/me - 2026-05-15T14:16:01.824Z
[HTTP] GET /api/heartbeats - 2026-05-15T14:16:01.833Z
[HTTP] GET /api/notifications/unread-count - 2026-05-15T14:16:04.538Z
[HTTP] GET /api/notifications/unread-count - 2026-05-15T14:16:04.648Z
[HTTP] GET /api/notifications/unread-count - 2026-05-15T14:17:04.527Z
[HTTP] GET /api/notifications/unread-count - 2026-05-15T14:18:04.517Z
[HTTP] GET /api/notifications/unread-count - 2026-05-15T14:19:04.516Z
[HTTP] GET /api/auth/me - 2026-05-15T14:19:15.759Z
[HTTP] GET /api/apis - 2026-05-15T14:19:15.771Z
[HTTP] GET /api/heartbeats - 2026-05-15T14:19:15.781Z
[HTTP] GET /api/notifications/unread-count - 2026-05-15T14:19:15.962Z
[HTTP] GET /api/notifications/unread-count - 2026-05-15T14:19:16.067Z
[HTTP] GET /api/notifications - 2026-05-15T14:19:17.804Z
[HTTP] GET /api/notifications/unread-count - 2026-05-15T14:19:21.199Z
[HTTP] PATCH /api/notifications/6a072b61fedcf3bc7d0f3abb/read - 2026-05-15T14:19:21.217Z
[HTTP] GET /api/team - 2026-05-15T14:19:21.500Z
[HTTP] GET /api/team/org - 2026-05-15T14:19:21.508Z
[HTTP] GET /api/team/org - 2026-05-15T14:19:21.629Z
[HTTP] GET /api/team - 2026-05-15T14:19:21.661Z
[HTTP] GET /api/notifications - 2026-05-15T14:19:30.873Z
[HTTP] PATCH /api/notifications/read-all - 2026-05-15T14:19:40.063Z
[HTTP] PATCH /api/notifications/read-all - 2026-05-15T14:19:42.660Z
[HTTP] GET /api/notifications/unread-count - 2026-05-15T14:20:15.973Z
[HTTP] DELETE /api/notifications/6a072b61fedcf3bc7d0f3abb - 2026-05-15T14:20:47.694Z
[HTTP] PATCH /api/notifications/read-all - 2026-05-15T14:20:51.309Z
[HTTP] GET /api/notifications/unread-count - 2026-05-15T14:21:15.968Z
[HTTP] GET /api/auth/me - 2026-05-15T14:22:00.839Z
[HTTP] GET /api/apis - 2026-05-15T14:22:00.878Z
[HTTP] GET /api/heartbeats - 2026-05-15T14:22:00.896Z
[HTTP] GET /api/auth/me - 2026-05-15T14:22:01.689Z
[HTTP] GET /api/apis - 2026-05-15T14:22:01.717Z
[HTTP] GET /api/heartbeats - 2026-05-15T14:22:01.727Z
[HTTP] GET /api/auth/me - 2026-05-15T14:25:31.161Z
[HTTP] GET /api/apis - 2026-05-15T14:25:31.178Z
[HTTP] GET /api/heartbeats - 2026-05-15T14:25:31.184Z
[HTTP] GET /api/auth/me - 2026-05-15T14:25:42.354Z
[HTTP] GET /api/apis - 2026-05-15T14:25:42.362Z
[HTTP] GET /api/heartbeats - 2026-05-15T14:25:42.366Z
[HTTP] GET /api/notifications/unread-count - 2026-05-15T14:25:42.567Z
[HTTP] GET /api/team - 2026-05-15T14:25:42.577Z
[HTTP] GET /api/team/org - 2026-05-15T14:25:42.582Z
[HTTP] GET /api/notifications/unread-count - 2026-05-15T14:25:42.694Z
[HTTP] GET /api/team/org - 2026-05-15T14:25:42.704Z
[HTTP] GET /api/team - 2026-05-15T14:25:42.749Z
[HTTP] POST /api/auth/login - 2026-05-15T14:26:50.236Z
[HTTP] GET /api/apis - 2026-05-15T14:26:50.790Z
[HTTP] GET /api/heartbeats - 2026-05-15T14:26:50.815Z
[HTTP] GET /api/notifications/unread-count - 2026-05-15T14:26:51.106Z
[HTTP] GET /api/notifications/unread-count - 2026-05-15T14:26:51.293Z
[HTTP] GET /api/team - 2026-05-15T14:26:57.410Z
[HTTP] GET /api/team/org - 2026-05-15T14:26:57.421Z
[HTTP] GET /api/team/org - 2026-05-15T14:26:57.729Z
[HTTP] GET /api/team - 2026-05-15T14:26:57.779Z
[HTTP] DELETE /api/team/6a070a95c24dcee7179312a1 - 2026-05-15T14:27:15.786Z
[HTTP] GET /api/notifications/unread-count - 2026-05-15T14:27:51.113Z
[HTTP] GET /api/notifications/unread-count - 2026-05-15T14:28:52.046Z
[HTTP] GET /api/notifications/unread-count - 2026-05-15T14:29:53.368Z
[HTTP] GET /api/auth/me - 2026-05-15T14:30:50.492Z
[HTTP] GET /api/apis - 2026-05-15T14:30:50.523Z
[HTTP] GET /api/heartbeats - 2026-05-15T14:30:50.531Z
[HTTP] GET /api/notifications/unread-count - 2026-05-15T14:30:50.714Z
[HTTP] GET /api/team - 2026-05-15T14:30:50.727Z
[HTTP] GET /api/team/org - 2026-05-15T14:30:50.734Z
[HTTP] GET /api/notifications/unread-count - 2026-05-15T14:30:50.817Z
[HTTP] GET /api/team/org - 2026-05-15T14:30:50.840Z
[HTTP] GET /api/team - 2026-05-15T14:30:50.922Z
[HTTP] GET /api/notifications/unread-count - 2026-05-15T14:31:50.728Z
[HTTP] GET /api/auth/me - 2026-05-15T14:32:34.656Z
[HTTP] GET /api/apis - 2026-05-15T14:32:34.675Z
[HTTP] GET /api/heartbeats - 2026-05-15T14:32:34.682Z
[HTTP] GET /api/notifications/unread-count - 2026-05-15T14:32:34.993Z
[HTTP] GET /api/team - 2026-05-15T14:32:35.033Z
[HTTP] GET /api/team/org - 2026-05-15T14:32:35.047Z
[HTTP] GET /api/team/org - 2026-05-15T14:32:35.159Z
[HTTP] GET /api/notifications/unread-count - 2026-05-15T14:32:35.276Z
[HTTP] GET /api/team - 2026-05-15T14:32:35.464Z
[HTTP] GET /api/notifications/unread-count - 2026-05-15T14:33:35.057Z
[HTTP] POST /api/team/invite - 2026-05-15T14:34:10.526Z
[HTTP] POST /api/auth/login - 2026-05-15T14:34:25.083Z
[HTTP] GET /api/apis - 2026-05-15T14:34:25.437Z
[HTTP] GET /api/heartbeats - 2026-05-15T14:34:25.446Z
[HTTP] GET /api/notifications/unread-count - 2026-05-15T14:34:25.786Z
[HTTP] GET /api/notifications/unread-count - 2026-05-15T14:34:26.049Z
[HTTP] GET /api/ssl - 2026-05-15T14:34:32.181Z
[HTTP] GET /api/ssl - 2026-05-15T14:34:32.441Z
[HTTP] GET /api/team/invites/me - 2026-05-15T14:34:34.636Z
[HTTP] GET /api/notifications - 2026-05-15T14:34:34.660Z
[HTTP] POST /api/team/invites/accept/6a072ee2b3710573813c6575 - 2026-05-15T14:34:36.820Z
[HTTP] GET /api/notifications/unread-count - 2026-05-15T14:35:25.815Z
[HTTP] GET /api/auth/me - 2026-05-15T14:36:09.943Z
[HTTP] GET /api/apis - 2026-05-15T14:36:09.967Z
[HTTP] GET /api/heartbeats - 2026-05-15T14:36:09.977Z
[HTTP] GET /api/notifications/unread-count - 2026-05-15T14:36:10.199Z
[HTTP] GET /api/ssl - 2026-05-15T14:36:10.215Z
[HTTP] GET /api/ssl - 2026-05-15T14:36:10.325Z
[HTTP] GET /api/notifications/unread-count - 2026-05-15T14:36:10.342Z
[HTTP] GET /api/notifications - 2026-05-15T14:36:12.131Z
[HTTP] GET /api/team/invites/me - 2026-05-15T14:36:12.363Z
[HTTP] PATCH /api/notifications/read-all - 2026-05-15T14:36:20.759Z
[HTTP] GET /api/notifications/unread-count - 2026-05-15T14:37:10.192Z
[HTTP] GET /api/auth/me - 2026-05-15T14:37:36.805Z
[HTTP] GET /api/apis - 2026-05-15T14:37:36.816Z
[HTTP] GET /api/heartbeats - 2026-05-15T14:37:36.824Z
[HTTP] GET /api/notifications/unread-count - 2026-05-15T14:37:46.340Z
[HTTP] GET /api/notifications/unread-count - 2026-05-15T14:37:48.002Z
[HTTP] GET /api/ssl - 2026-05-15T14:37:50.725Z
[HTTP] GET /api/ssl - 2026-05-15T14:37:52.830Z
[HTTP] GET /api/auth/me - 2026-05-15T14:37:55.102Z
[HTTP] GET /api/apis - 2026-05-15T14:37:55.115Z
[HTTP] GET /api/heartbeats - 2026-05-15T14:37:55.129Z
[HTTP] GET /api/ssl - 2026-05-15T14:38:03.517Z
[HTTP] GET /api/notifications/unread-count - 2026-05-15T14:38:03.533Z
[HTTP] GET /api/notifications/unread-count - 2026-05-15T14:38:03.645Z
[HTTP] GET /api/ssl - 2026-05-15T14:38:03.653Z
[HTTP] GET /api/notifications - 2026-05-15T14:38:12.942Z
[HTTP] GET /api/team/invites/me - 2026-05-15T14:38:12.947Z
[HTTP] GET /api/notifications/unread-count - 2026-05-15T14:38:17.624Z
[HTTP] GET /api/apis/incidents/all - 2026-05-15T14:38:23.966Z
[HTTP] GET /api/apis/incidents/all - 2026-05-15T14:38:24.248Z
[HTTP] GET /api/notifications - 2026-05-15T14:38:25.012Z
[HTTP] GET /api/team/invites/me - 2026-05-15T14:38:25.020Z
[HTTP] GET /api/notifications/unread-count - 2026-05-15T14:38:27.584Z
[HTTP] GET /api/team/org - 2026-05-15T14:38:31.948Z
[HTTP] GET /api/team - 2026-05-15T14:38:31.968Z
[HTTP] GET /api/team/org - 2026-05-15T14:38:32.115Z
[HTTP] GET /api/team - 2026-05-15T14:38:32.192Z
[HTTP] POST /api/auth/login - 2026-05-15T14:38:48.510Z
[HTTP] GET /api/apis - 2026-05-15T14:38:49.008Z
[HTTP] GET /api/heartbeats - 2026-05-15T14:38:49.019Z
[HTTP] GET /api/notifications/unread-count - 2026-05-15T14:38:49.172Z
[HTTP] GET /api/notifications/unread-count - 2026-05-15T14:38:49.272Z
[HTTP] GET /api/team - 2026-05-15T14:38:53.480Z
[HTTP] GET /api/team/org - 2026-05-15T14:38:54.591Z
[HTTP] GET /api/team/org - 2026-05-15T14:38:54.875Z
[HTTP] GET /api/team - 2026-05-15T14:38:54.899Z
[HTTP] POST /api/auth/login - 2026-05-15T14:39:20.541Z
[HTTP] GET /api/apis - 2026-05-15T14:39:20.956Z
[HTTP] GET /api/heartbeats - 2026-05-15T14:39:20.965Z
[HTTP] GET /api/notifications/unread-count - 2026-05-15T14:39:21.091Z
[HTTP] GET /api/notifications/unread-count - 2026-05-15T14:39:21.241Z
[HTTP] GET /api/apis/incidents/all - 2026-05-15T14:39:24.772Z
[HTTP] GET /api/apis/incidents/all - 2026-05-15T14:39:24.880Z
[HTTP] GET /api/notifications - 2026-05-15T14:39:26.271Z
[HTTP] GET /api/team/invites/me - 2026-05-15T14:39:26.278Z
[HTTP] GET /api/notifications/unread-count - 2026-05-15T14:39:30.793Z
[HTTP] GET /api/ssl - 2026-05-15T14:39:35.660Z
[HTTP] GET /api/ssl - 2026-05-15T14:39:38.884Z
[HTTP] GET /api/tcp - 2026-05-15T14:39:40.706Z
[HTTP] GET /api/tcp - 2026-05-15T14:39:42.096Z
[HTTP] GET /api/notifications/unread-count - 2026-05-15T14:40:22.049Z
[HTTP] POST /api/auth/register - 2026-05-15T14:41:20.444Z
[HTTP] GET /api/auth/me - 2026-05-15T14:41:21.739Z
[HTTP] GET /api/apis - 2026-05-15T14:41:21.745Z
[HTTP] GET /api/heartbeats - 2026-05-15T14:41:21.755Z
[HTTP] GET /api/notifications/unread-count - 2026-05-15T14:41:21.930Z
[HTTP] GET /api/notifications/unread-count - 2026-05-15T14:41:22.076Z
[HTTP] POST /api/auth/login - 2026-05-15T14:41:35.292Z
[HTTP] GET /api/apis - 2026-05-15T14:41:35.607Z
[HTTP] GET /api/heartbeats - 2026-05-15T14:41:35.613Z
[HTTP] GET /api/notifications/unread-count - 2026-05-15T14:41:35.778Z
[HTTP] GET /api/notifications/unread-count - 2026-05-15T14:41:35.880Z
[HTTP] GET /api/team - 2026-05-15T14:41:39.820Z
[HTTP] GET /api/team/org - 2026-05-15T14:41:39.826Z
[HTTP] GET /api/team/org - 2026-05-15T14:41:39.942Z
[HTTP] GET /api/team - 2026-05-15T14:41:39.980Z
[HTTP] POST /api/team/invite - 2026-05-15T14:41:57.965Z
[HTTP] POST /api/auth/login - 2026-05-15T14:42:23.067Z
[HTTP] GET /api/apis - 2026-05-15T14:42:23.700Z
[HTTP] GET /api/heartbeats - 2026-05-15T14:42:23.715Z
[HTTP] GET /api/notifications/unread-count - 2026-05-15T14:42:23.911Z
[HTTP] GET /api/notifications/unread-count - 2026-05-15T14:42:24.262Z
[HTTP] GET /api/team - 2026-05-15T14:42:26.722Z
[HTTP] GET /api/team/org - 2026-05-15T14:42:26.731Z
[HTTP] GET /api/team/org - 2026-05-15T14:42:27.113Z
[HTTP] GET /api/team - 2026-05-15T14:42:27.348Z
[HTTP] DELETE /api/team/6a0730b6cd101f17491ebc18 - 2026-05-15T14:42:30.235Z
[HTTP] POST /api/team/invite - 2026-05-15T14:42:44.079Z
[HTTP] POST /api/auth/login - 2026-05-15T14:42:56.654Z
[HTTP] GET /api/apis - 2026-05-15T14:42:57.267Z
[HTTP] GET /api/heartbeats - 2026-05-15T14:42:57.279Z
[HTTP] GET /api/notifications/unread-count - 2026-05-15T14:42:57.437Z
[HTTP] GET /api/notifications/unread-count - 2026-05-15T14:42:57.522Z
[HTTP] POST /api/auth/login - 2026-05-15T14:43:05.988Z
[HTTP] GET /api/apis - 2026-05-15T14:43:06.387Z
[HTTP] GET /api/heartbeats - 2026-05-15T14:43:06.396Z
[HTTP] GET /api/notifications/unread-count - 2026-05-15T14:43:06.511Z
[HTTP] GET /api/notifications/unread-count - 2026-05-15T14:43:06.621Z
[HTTP] GET /api/notifications - 2026-05-15T14:43:11.547Z
[HTTP] GET /api/team/invites/me - 2026-05-15T14:43:11.561Z
[HTTP] GET /api/auth/me - 2026-05-15T14:43:15.090Z
[HTTP] GET /api/apis - 2026-05-15T14:43:15.106Z
[HTTP] GET /api/heartbeats - 2026-05-15T14:43:15.111Z
[HTTP] GET /api/notifications/unread-count - 2026-05-15T14:43:15.305Z
[HTTP] GET /api/notifications/unread-count - 2026-05-15T14:43:15.406Z
[HTTP] GET /api/notifications - 2026-05-15T14:43:18.780Z
[HTTP] GET /api/team/invites/me - 2026-05-15T14:43:18.793Z
[HTTP] GET /api/notifications/unread-count - 2026-05-15T14:43:28.333Z
[HTTP] GET /api/notifications/unread-count - 2026-05-15T14:44:16.049Z
[HTTP] GET /api/notifications/unread-count - 2026-05-15T14:45:16.055Z
[HTTP] GET /api/auth/me - 2026-05-15T14:45:39.352Z
[HTTP] GET /api/apis - 2026-05-15T14:45:39.382Z
[HTTP] GET /api/heartbeats - 2026-05-15T14:45:39.386Z
[HTTP] GET /api/notifications/unread-count - 2026-05-15T14:45:39.623Z
[HTTP] GET /api/notifications/unread-count - 2026-05-15T14:45:39.725Z
[HTTP] GET /api/notifications/unread-count - 2026-05-15T14:46:40.046Z
[HTTP] GET /api/notifications - 2026-05-15T14:47:09.990Z
[HTTP] GET /api/team/invites/me - 2026-05-15T14:47:09.997Z
[HTTP] GET /api/notifications - 2026-05-15T14:47:10.069Z
[HTTP] GET /api/team/invites/me - 2026-05-15T14:47:10.161Z
[HTTP] POST /api/auth/login - 2026-05-15T14:47:34.463Z
[HTTP] GET /api/apis - 2026-05-15T14:47:34.783Z
[HTTP] GET /api/heartbeats - 2026-05-15T14:47:34.792Z
[HTTP] GET /api/notifications/unread-count - 2026-05-15T14:47:34.962Z
[HTTP] GET /api/notifications/unread-count - 2026-05-15T14:47:35.086Z
[HTTP] GET /api/team - 2026-05-15T14:47:38.814Z
[HTTP] GET /api/team/org - 2026-05-15T14:47:38.823Z
[HTTP] GET /api/team/org - 2026-05-15T14:47:38.958Z
[HTTP] GET /api/team - 2026-05-15T14:47:39.009Z
[HTTP] DELETE /api/team/6a0730e4cd101f17491ebc3d - 2026-05-15T14:47:45.024Z
[HTTP] POST /api/team/invite - 2026-05-15T14:47:51.201Z
[HTTP] POST /api/auth/login - 2026-05-15T14:48:08.880Z
[HTTP] GET /api/apis - 2026-05-15T14:48:09.244Z
[HTTP] GET /api/heartbeats - 2026-05-15T14:48:09.259Z
[HTTP] GET /api/notifications/unread-count - 2026-05-15T14:48:09.377Z
[HTTP] GET /api/notifications/unread-count - 2026-05-15T14:48:09.584Z
[HTTP] GET /api/notifications - 2026-05-15T14:48:12.632Z
[HTTP] GET /api/team/invites/me - 2026-05-15T14:48:12.642Z
[HTTP] GET /api/notifications - 2026-05-15T14:48:12.951Z
[HTTP] GET /api/team/invites/me - 2026-05-15T14:48:13.098Z
[HTTP] GET /api/notifications/unread-count - 2026-05-15T14:49:09.380Z
[HTTP] GET /api/notifications - 2026-05-15T14:49:30.284Z
[HTTP] GET /api/team/invites/me - 2026-05-15T14:49:30.295Z
[HTTP] PUT /api/auth/profile - 2026-05-15T14:49:43.467Z
[HTTP] GET /api/auth/me - 2026-05-15T14:49:51.956Z
[HTTP] GET /api/notifications/unread-count - 2026-05-15T14:49:52.073Z
[HTTP] GET /api/notifications - 2026-05-15T14:49:52.079Z
[HTTP] GET /api/team/invites/me - 2026-05-15T14:49:52.086Z
[HTTP] GET /api/notifications/unread-count - 2026-05-15T14:49:52.091Z
[HTTP] GET /api/notifications - 2026-05-15T14:49:52.101Z
[HTTP] GET /api/team/invites/me - 2026-05-15T14:49:52.106Z
[HTTP] POST /api/auth/login - 2026-05-15T14:50:02.988Z
[HTTP] GET /api/apis - 2026-05-15T14:50:03.424Z
[HTTP] GET /api/heartbeats - 2026-05-15T14:50:03.441Z
[HTTP] GET /api/notifications/unread-count - 2026-05-15T14:50:03.645Z
[HTTP] GET /api/notifications/unread-count - 2026-05-15T14:50:03.745Z
[HTTP] GET /api/notifications - 2026-05-15T14:50:08.643Z
[HTTP] GET /api/team/invites/me - 2026-05-15T14:50:08.649Z
[HTTP] GET /api/notifications - 2026-05-15T14:50:08.911Z
[HTTP] GET /api/team/invites/me - 2026-05-15T14:50:08.940Z
[HTTP] POST /api/auth/login - 2026-05-15T14:50:20.818Z
[HTTP] GET /api/apis - 2026-05-15T14:50:21.387Z
[HTTP] GET /api/heartbeats - 2026-05-15T14:50:21.397Z
[HTTP] GET /api/notifications/unread-count - 2026-05-15T14:50:21.516Z
[HTTP] GET /api/notifications/unread-count - 2026-05-15T14:50:21.617Z
[HTTP] GET /api/team - 2026-05-15T14:50:24.283Z
[HTTP] GET /api/team/org - 2026-05-15T14:50:24.290Z
[HTTP] GET /api/team/org - 2026-05-15T14:50:24.445Z
[HTTP] GET /api/team - 2026-05-15T14:50:24.493Z
[HTTP] POST /api/team/6a073217cd101f17491ebcba/resend - 2026-05-15T14:50:30.900Z
[HTTP] POST /api/auth/login - 2026-05-15T14:50:43.849Z
[HTTP] GET /api/apis - 2026-05-15T14:50:44.149Z
[HTTP] GET /api/heartbeats - 2026-05-15T14:50:44.158Z
[HTTP] GET /api/notifications/unread-count - 2026-05-15T14:50:44.281Z
[HTTP] GET /api/notifications/unread-count - 2026-05-15T14:50:44.381Z
[HTTP] GET /api/notifications - 2026-05-15T14:50:47.656Z
[HTTP] GET /api/team/invites/me - 2026-05-15T14:50:47.661Z
[HTTP] GET /api/notifications - 2026-05-15T14:50:47.765Z
[HTTP] GET /api/team/invites/me - 2026-05-15T14:50:47.810Z
[HTTP] GET /api/notifications/unread-count - 2026-05-15T14:51:44.283Z
[HTTP] GET /api/notifications/unread-count - 2026-05-15T14:52:44.291Z
[HTTP] GET /api/auth/me - 2026-05-15T14:52:51.119Z
[HTTP] GET /api/apis - 2026-05-15T14:52:51.144Z
[HTTP] GET /api/heartbeats - 2026-05-15T14:52:51.150Z
[HTTP] GET /api/notifications/unread-count - 2026-05-15T14:52:51.352Z
[HTTP] GET /api/notifications - 2026-05-15T14:52:51.360Z
[HTTP] GET /api/team/invites/me - 2026-05-15T14:52:51.366Z
[HTTP] GET /api/notifications/unread-count - 2026-05-15T14:52:51.510Z
[HTTP] GET /api/notifications - 2026-05-15T14:52:51.514Z
[HTTP] GET /api/team/invites/me - 2026-05-15T14:52:51.573Z
[HTTP] POST /api/auth/login - 2026-05-15T14:53:03.937Z
[HTTP] GET /api/apis - 2026-05-15T14:53:04.417Z
[HTTP] GET /api/heartbeats - 2026-05-15T14:53:04.436Z
[HTTP] GET /api/notifications/unread-count - 2026-05-15T14:53:04.659Z
[HTTP] GET /api/notifications/unread-count - 2026-05-15T14:53:04.833Z
[HTTP] GET /api/team - 2026-05-15T14:53:08.263Z
[HTTP] GET /api/team/org - 2026-05-15T14:53:08.269Z
[HTTP] GET /api/team/org - 2026-05-15T14:53:08.443Z
[HTTP] GET /api/team - 2026-05-15T14:53:08.477Z
[HTTP] DELETE /api/team/6a073217cd101f17491ebcba - 2026-05-15T14:53:12.277Z
[HTTP] POST /api/team/invite - 2026-05-15T14:53:33.182Z
[HTTP] POST /api/auth/login - 2026-05-15T14:53:45.117Z
[HTTP] GET /api/apis - 2026-05-15T14:53:45.530Z
[HTTP] GET /api/heartbeats - 2026-05-15T14:53:45.537Z
[HTTP] GET /api/notifications/unread-count - 2026-05-15T14:53:45.650Z
[HTTP] GET /api/notifications/unread-count - 2026-05-15T14:53:45.735Z
[HTTP] GET /api/notifications - 2026-05-15T14:53:48.200Z
[HTTP] GET /api/team/invites/me - 2026-05-15T14:53:48.211Z
[HTTP] GET /api/notifications - 2026-05-15T14:53:48.419Z
[HTTP] GET /api/team/invites/me - 2026-05-15T14:53:48.491Z
[HTTP] POST /api/team/invites/accept/6a07336da9f6998d72de1a34 - 2026-05-15T14:53:50.818Z
[HTTP] PATCH /api/notifications/6a07336da9f6998d72de1a37/read - 2026-05-15T14:53:51.277Z
[HTTP] GET /api/auth/me - 2026-05-15T14:53:52.125Z
[HTTP] GET /api/apis - 2026-05-15T14:53:52.164Z
[HTTP] GET /api/heartbeats - 2026-05-15T14:53:52.191Z
[HTTP] GET /api/notifications - 2026-05-15T14:53:52.673Z
[HTTP] GET /api/team/invites/me - 2026-05-15T14:53:52.719Z
[HTTP] GET /api/notifications/unread-count - 2026-05-15T14:53:52.732Z
[HTTP] GET /api/notifications - 2026-05-15T14:53:52.843Z
[HTTP] GET /api/notifications/unread-count - 2026-05-15T14:53:52.859Z
[HTTP] GET /api/team/invites/me - 2026-05-15T14:53:52.899Z
[HTTP] GET /api/ssl - 2026-05-15T14:54:03.584Z
[HTTP] GET /api/ssl - 2026-05-15T14:54:03.674Z
[HTTP] GET /api/tcp - 2026-05-15T14:54:04.867Z
[HTTP] GET /api/tcp - 2026-05-15T14:54:05.056Z
[HTTP] GET /api/dns - 2026-05-15T14:54:06.833Z
[HTTP] GET /api/dns - 2026-05-15T14:54:07.057Z
[HTTP] GET /api/notifications/unread-count - 2026-05-15T14:54:52.681Z
[HTTP] GET /api/maintenance - 2026-05-15T14:55:01.017Z
[HTTP] GET /api/maintenance - 2026-05-15T14:55:01.416Z
[HTTP] GET /api/auth/me - 2026-05-15T14:56:42.476Z
[HTTP] GET /api/apis - 2026-05-15T14:56:42.495Z
[HTTP] GET /api/heartbeats - 2026-05-15T14:56:42.505Z
[HTTP] GET /api/notifications/unread-count - 2026-05-15T14:56:42.859Z
[HTTP] GET /api/notifications/unread-count - 2026-05-15T14:56:42.992Z
[HTTP] GET /api/ssl - 2026-05-15T14:56:47.424Z
[HTTP] GET /api/ssl - 2026-05-15T14:56:47.524Z
[HTTP] GET /api/notifications/unread-count - 2026-05-15T14:57:42.851Z
[HTTP] GET /api/notifications/unread-count - 2026-05-15T14:58:42.847Z
[HTTP] GET /api/notifications/unread-count - 2026-05-15T14:59:42.852Z
[HTTP] GET /api/notifications/unread-count - 2026-05-15T15:00:43.048Z
[HTTP] GET /api/notifications/unread-count - 2026-05-15T15:01:43.048Z
[HTTP] GET /api/auth/me - 2026-05-15T15:01:52.738Z
[HTTP] GET /api/apis - 2026-05-15T15:01:52.763Z
[HTTP] GET /api/heartbeats - 2026-05-15T15:01:52.772Z
[HTTP] GET /api/notifications/unread-count - 2026-05-15T15:01:53.317Z
[HTTP] GET /api/notifications/unread-count - 2026-05-15T15:01:53.754Z
[HTTP] GET /api/ssl - 2026-05-15T15:01:59.960Z
[HTTP] GET /api/ssl - 2026-05-15T15:02:00.273Z
[HTTP] GET /api/notifications/unread-count - 2026-05-15T15:02:53.328Z
[HTTP] GET /api/auth/me - 2026-05-15T15:03:07.781Z
[HTTP] GET /api/apis - 2026-05-15T15:03:07.788Z
[HTTP] GET /api/heartbeats - 2026-05-15T15:03:07.797Z
[HTTP] GET /api/notifications/unread-count - 2026-05-15T15:03:08.239Z
[HTTP] GET /api/notifications/unread-count - 2026-05-15T15:03:08.423Z
[HTTP] POST /api/auth/login - 2026-05-15T15:03:16.670Z
[HTTP] GET /api/apis - 2026-05-15T15:03:17.510Z
[HTTP] GET /api/heartbeats - 2026-05-15T15:03:17.525Z
[HTTP] GET /api/notifications/unread-count - 2026-05-15T15:03:17.708Z
[HTTP] GET /api/notifications/unread-count - 2026-05-15T15:03:18.091Z
[HTTP] GET /api/apis/incidents/all - 2026-05-15T15:03:24.040Z
[HTTP] GET /api/apis/incidents/all - 2026-05-15T15:03:24.296Z
[HTTP] GET /api/notifications - 2026-05-15T15:03:25.385Z
[HTTP] GET /api/team/invites/me - 2026-05-15T15:03:25.391Z
[HTTP] GET /api/notifications - 2026-05-15T15:03:25.591Z
[HTTP] GET /api/team/invites/me - 2026-05-15T15:03:25.598Z
[HTTP] GET /api/notifications/unread-count - 2026-05-15T15:03:29.410Z
[HTTP] GET /api/maintenance - 2026-05-15T15:03:45.642Z
[HTTP] GET /api/maintenance - 2026-05-15T15:03:45.812Z
[HTTP] GET /api/team - 2026-05-15T15:03:53.943Z
[HTTP] GET /api/team/org - 2026-05-15T15:03:53.956Z
[HTTP] GET /api/team/org - 2026-05-15T15:03:54.149Z
[HTTP] GET /api/team - 2026-05-15T15:03:54.221Z
[HTTP] GET /api/audit-log - 2026-05-15T15:04:04.385Z
[HTTP] GET /api/audit-log - 2026-05-15T15:04:04.559Z
[HTTP] GET /api/notifications/unread-count - 2026-05-15T15:04:17.696Z
[HTTP] GET /api/auth/me - 2026-05-15T15:04:39.795Z
[HTTP] GET /api/apis - 2026-05-15T15:04:39.814Z
[HTTP] GET /api/heartbeats - 2026-05-15T15:04:39.823Z
[HTTP] GET /api/notifications/unread-count - 2026-05-15T15:04:40.277Z
[HTTP] GET /api/audit-log - 2026-05-15T15:04:40.283Z
[HTTP] GET /api/audit-log - 2026-05-15T15:04:40.513Z
[HTTP] GET /api/notifications/unread-count - 2026-05-15T15:04:40.628Z
[HTTP] GET /api/notifications/unread-count - 2026-05-15T15:05:40.282Z
[HTTP] GET /api/notifications/unread-count - 2026-05-15T15:06:40.283Z
[HTTP] GET /api/notifications/unread-count - 2026-05-15T15:07:40.279Z
[HTTP] GET /api/notifications/unread-count - 2026-05-15T15:08:40.290Z
[HTTP] GET /api/notifications/unread-count - 2026-05-15T15:09:40.284Z
[HTTP] GET /api/notifications/unread-count - 2026-05-15T15:10:40.282Z
[HTTP] GET /api/notifications/unread-count - 2026-05-15T15:11:40.276Z
[HTTP] GET /api/notifications/unread-count - 2026-05-15T15:12:40.284Z
[HTTP] GET /api/notifications/unread-count - 2026-05-15T15:13:40.286Z
[HTTP] GET /api/notifications/unread-count - 2026-05-15T15:14:40.281Z
[HTTP] GET /api/auth/me - 2026-05-15T15:14:56.939Z
[HTTP] GET /api/apis - 2026-05-15T15:14:56.943Z
[HTTP] GET /api/heartbeats - 2026-05-15T15:14:56.954Z
[HTTP] GET /api/auth/me - 2026-05-15T15:15:42.309Z
[HTTP] GET /api/apis - 2026-05-15T15:15:42.313Z
[HTTP] GET /api/heartbeats - 2026-05-15T15:15:42.325Z
[HTTP] GET /api/notifications/unread-count - 2026-05-15T15:15:42.672Z
[HTTP] GET /api/audit-log - 2026-05-15T15:15:42.678Z
[HTTP] GET /api/audit-log - 2026-05-15T15:15:42.780Z
[HTTP] GET /api/notifications/unread-count - 2026-05-15T15:15:42.815Z
[HTTP] GET /api/apis/incidents/all - 2026-05-15T15:16:10.435Z
[HTTP] GET /api/apis/incidents/all - 2026-05-15T15:16:10.611Z
[HTTP] GET /api/notifications/unread-count - 2026-05-15T15:16:42.675Z
[HTTP] GET /api/team - 2026-05-15T15:17:09.117Z
[HTTP] GET /api/team/org - 2026-05-15T15:17:09.125Z
[HTTP] GET /api/team/org - 2026-05-15T15:17:09.551Z
[HTTP] GET /api/team - 2026-05-15T15:17:09.620Z
[HTTP] GET /api/maintenance - 2026-05-15T15:17:16.022Z
[HTTP] GET /api/maintenance - 2026-05-15T15:17:16.171Z
[HTTP] GET /api/notifications/unread-count - 2026-05-15T15:17:42.678Z
[HTTP] GET /api/notifications/unread-count - 2026-05-15T15:18:42.672Z
[HTTP] GET /api/notifications/unread-count - 2026-05-15T15:19:42.662Z
[HTTP] GET /api/notifications/unread-count - 2026-05-15T15:20:42.662Z
[HTTP] GET /api/notifications/unread-count - 2026-05-15T15:21:43.051Z
[HTTP] GET /api/notifications/unread-count - 2026-05-15T15:22:52.049Z
[HTTP] POST /api/auth/login - 2026-05-15T16:26:49.883Z
[HTTP] GET /api/apis - 2026-05-15T16:26:50.806Z
[HTTP] GET /api/heartbeats - 2026-05-15T16:26:50.811Z
[HTTP] GET /api/notifications/unread-count - 2026-05-15T16:26:50.968Z
[HTTP] GET /api/notifications/unread-count - 2026-05-15T16:26:51.106Z
[HTTP] GET /api/apis/incidents/all - 2026-05-15T16:26:57.681Z
[HTTP] GET /api/apis/incidents/all - 2026-05-15T16:26:57.924Z
[HTTP] GET /api/team - 2026-05-15T16:27:03.398Z
[HTTP] GET /api/team/org - 2026-05-15T16:27:03.401Z
[HTTP] GET /api/team/org - 2026-05-15T16:27:03.915Z
[HTTP] GET /api/team - 2026-05-15T16:27:03.995Z
[HTTP] GET /api/apis/699dd971aee6d6d7114db0e1/stats - 2026-05-15T16:27:23.297Z
[HTTP] GET /api/apis/699dd971aee6d6d7114db0e1/advanced-stats - 2026-05-15T16:27:23.306Z
[HTTP] GET /api/alert-channels/monitor/699dd971aee6d6d7114db0e1 - 2026-05-15T16:27:23.313Z
[HTTP] GET /api/apis/699dd971aee6d6d7114db0e1/stats - 2026-05-15T16:27:23.515Z
[HTTP] GET /api/alert-channels/monitor/699dd971aee6d6d7114db0e1 - 2026-05-15T16:27:23.546Z
[HTTP] GET /api/apis/699dd971aee6d6d7114db0e1/advanced-stats - 2026-05-15T16:27:23.572Z
[HTTP] GET /api/notifications/unread-count - 2026-05-15T16:27:50.978Z
[HTTP] GET /api/auth/me - 2026-05-15T16:28:15.724Z
[HTTP] GET /api/heartbeats - 2026-05-15T16:28:15.733Z
[HTTP] GET /api/apis - 2026-05-15T16:28:15.744Z
[HTTP] GET /api/notifications/unread-count - 2026-05-15T16:28:16.088Z
[HTTP] GET /api/apis/699dd971aee6d6d7114db0e1/stats - 2026-05-15T16:28:16.092Z
[HTTP] GET /api/apis/699dd971aee6d6d7114db0e1/advanced-stats - 2026-05-15T16:28:16.096Z
[HTTP] GET /api/alert-channels/monitor/699dd971aee6d6d7114db0e1 - 2026-05-15T16:28:16.106Z
[HTTP] GET /api/alert-channels/monitor/699dd971aee6d6d7114db0e1 - 2026-05-15T16:28:16.249Z
[HTTP] GET /api/notifications/unread-count - 2026-05-15T16:28:16.257Z
[HTTP] GET /api/apis/699dd971aee6d6d7114db0e1/advanced-stats - 2026-05-15T16:28:16.307Z
[HTTP] GET /api/apis/699dd971aee6d6d7114db0e1/stats - 2026-05-15T16:28:16.410Z
[HTTP] PATCH /api/apis/699dd971aee6d6d7114db0e1/toggle - 2026-05-15T16:28:22.294Z
[HTTP] GET /api/notifications/unread-count - 2026-05-15T16:29:16.084Z
[HTTP] GET /api/apis/incidents/all - 2026-05-15T16:29:20.634Z
[HTTP] GET /api/apis/incidents/all - 2026-05-15T16:29:20.780Z
[HTTP] GET /api/notifications/unread-count - 2026-05-15T16:30:17.048Z
[HTTP] GET /api/auth/me - 2026-05-15T16:31:11.901Z
[HTTP] GET /api/apis - 2026-05-15T16:31:11.916Z
[HTTP] GET /api/heartbeats - 2026-05-15T16:31:11.920Z
[HTTP] GET /api/notifications/unread-count - 2026-05-15T16:31:12.343Z
[HTTP] GET /api/notifications/unread-count - 2026-05-15T16:31:12.548Z
[HTTP] GET /api/apis/699dd971aee6d6d7114db0e1/stats - 2026-05-15T16:31:14.427Z
[HTTP] GET /api/apis/699dd971aee6d6d7114db0e1/advanced-stats - 2026-05-15T16:31:14.433Z
[HTTP] GET /api/alert-channels/monitor/699dd971aee6d6d7114db0e1 - 2026-05-15T16:31:14.442Z
[HTTP] GET /api/alert-channels/monitor/699dd971aee6d6d7114db0e1 - 2026-05-15T16:31:14.572Z
[HTTP] GET /api/apis/699dd971aee6d6d7114db0e1/advanced-stats - 2026-05-15T16:31:14.606Z
[HTTP] GET /api/apis/699dd971aee6d6d7114db0e1/stats - 2026-05-15T16:31:14.662Z
[HTTP] GET /api/apis/69c4bb4b2e730265ca1cdd97/stats - 2026-05-15T16:31:20.481Z
[HTTP] GET /api/apis/69c4bb4b2e730265ca1cdd97/advanced-stats - 2026-05-15T16:31:20.485Z
[HTTP] GET /api/alert-channels/monitor/69c4bb4b2e730265ca1cdd97 - 2026-05-15T16:31:20.490Z
[HTTP] GET /api/alert-channels/monitor/69c4bb4b2e730265ca1cdd97 - 2026-05-15T16:31:20.727Z
[HTTP] GET /api/apis/69c4bb4b2e730265ca1cdd97/advanced-stats - 2026-05-15T16:31:20.758Z
[HTTP] GET /api/apis/69c4bb4b2e730265ca1cdd97/stats - 2026-05-15T16:31:20.852Z
[HTTP] GET /api/heartbeats/69c4baf32e730265ca1cdd5d/stats - 2026-05-15T16:31:27.753Z
[HTTP] GET /api/alert-channels/monitor/69c4baf32e730265ca1cdd5d - 2026-05-15T16:31:27.760Z
[HTTP] GET /api/alert-channels/monitor/69c4baf32e730265ca1cdd5d - 2026-05-15T16:31:27.955Z
[HTTP] GET /api/heartbeats/69c4baf32e730265ca1cdd5d/stats - 2026-05-15T16:31:28.045Z
[HTTP] GET /api/ssl - 2026-05-15T16:31:40.609Z
[HTTP] GET /api/ssl - 2026-05-15T16:31:40.751Z
[HTTP] GET /api/ssl - 2026-05-15T16:31:50.111Z
[HTTP] GET /api/ssl - 2026-05-15T16:31:50.244Z
[HTTP] GET /api/tcp - 2026-05-15T16:31:51.920Z
[HTTP] GET /api/tcp - 2026-05-15T16:31:52.063Z
[HTTP] GET /api/notifications/unread-count - 2026-05-15T16:32:12.349Z
[HTTP] GET /api/notifications/unread-count - 2026-05-15T16:33:12.347Z
[HTTP] GET /api/heartbeats/69c4baf32e730265ca1cdd5d/stats - 2026-05-15T16:33:39.798Z
[HTTP] GET /api/alert-channels/monitor/69c4baf32e730265ca1cdd5d - 2026-05-15T16:33:39.801Z
[HTTP] GET /api/alert-channels/monitor/69c4baf32e730265ca1cdd5d - 2026-05-15T16:33:39.951Z
[HTTP] GET /api/heartbeats/69c4baf32e730265ca1cdd5d/stats - 2026-05-15T16:33:40.032Z
[HTTP] GET /api/auth/me - 2026-05-15T16:34:00.319Z
[HTTP] GET /api/apis - 2026-05-15T16:34:00.325Z
[HTTP] GET /api/heartbeats - 2026-05-15T16:34:00.331Z
[HTTP] GET /api/auth/me - 2026-05-15T16:34:00.910Z
[HTTP] GET /api/apis - 2026-05-15T16:34:00.918Z
[HTTP] GET /api/heartbeats - 2026-05-15T16:34:00.924Z
[HTTP] GET /api/notifications/unread-count - 2026-05-15T16:34:01.213Z
[HTTP] GET /api/notifications/unread-count - 2026-05-15T16:34:01.459Z
[HTTP] GET /api/apis/incidents/all - 2026-05-15T16:34:03.442Z
[HTTP] GET /api/apis/incidents/all - 2026-05-15T16:34:03.613Z
[HTTP] GET /api/auth/me - 2026-05-15T16:36:15.502Z
[HTTP] GET /api/apis - 2026-05-15T16:36:15.511Z
[HTTP] GET /api/heartbeats - 2026-05-15T16:36:15.515Z
[HTTP] GET /api/auth/me - 2026-05-15T16:36:54.531Z
[HTTP] GET /api/apis - 2026-05-15T16:36:54.555Z
[HTTP] GET /api/ssls - 2026-05-15T16:36:54.560Z
[HTTP] GET /api/tcps - 2026-05-15T16:36:54.564Z
[HTTP] GET /api/heartbeats - 2026-05-15T16:36:54.567Z
[HTTP] GET /api/dns - 2026-05-15T16:36:54.572Z
[HTTP] GET /api/domains - 2026-05-15T16:36:54.576Z
[HTTP] GET /api/auth/me - 2026-05-15T16:37:08.848Z
[HTTP] GET /api/apis - 2026-05-15T16:37:08.854Z
[HTTP] GET /api/heartbeats - 2026-05-15T16:37:08.859Z
[HTTP] GET /api/ssls - 2026-05-15T16:37:08.865Z
[HTTP] GET /api/tcps - 2026-05-15T16:37:08.873Z
[HTTP] GET /api/dns - 2026-05-15T16:37:08.876Z
[HTTP] GET /api/domains - 2026-05-15T16:37:08.880Z
[HTTP] GET /api/auth/me - 2026-05-15T16:42:28.103Z
[HTTP] GET /api/apis - 2026-05-15T16:42:28.131Z
[HTTP] GET /api/heartbeats - 2026-05-15T16:42:28.133Z
[HTTP] GET /api/ssl - 2026-05-15T16:42:28.135Z
[HTTP] GET /api/tcp - 2026-05-15T16:42:28.137Z
[HTTP] GET /api/dns - 2026-05-15T16:42:28.236Z
[HTTP] GET /api/domains - 2026-05-15T16:42:28.398Z
[HTTP] GET /api/auth/me - 2026-05-15T16:42:57.680Z
[HTTP] GET /api/apis - 2026-05-15T16:42:57.686Z
[HTTP] GET /api/heartbeats - 2026-05-15T16:42:57.689Z
[HTTP] GET /api/ssl - 2026-05-15T16:42:57.692Z
[HTTP] GET /api/tcp - 2026-05-15T16:42:57.707Z
[HTTP] GET /api/dns - 2026-05-15T16:42:57.710Z
[HTTP] GET /api/domains - 2026-05-15T16:42:57.799Z
[HTTP] GET /api/notifications/unread-count - 2026-05-15T16:42:58.037Z
[HTTP] GET /api/notifications/unread-count - 2026-05-15T16:42:58.156Z
[HTTP] GET /api/notifications/unread-count - 2026-05-15T16:43:58.047Z
[HTTP] GET /api/apis/incidents/all - 2026-05-15T16:44:30.147Z
[HTTP] GET /api/apis/incidents/all - 2026-05-15T16:44:30.275Z
[HTTP] GET /api/audit-log - 2026-05-15T16:44:41.587Z
[HTTP] GET /api/audit-log - 2026-05-15T16:44:41.875Z
[HTTP] GET /api/maintenance - 2026-05-15T16:44:51.310Z
[HTTP] GET /api/maintenance - 2026-05-15T16:44:51.473Z
[HTTP] GET /api/notifications/unread-count - 2026-05-15T16:44:58.042Z
[HTTP] GET /api/notifications/unread-count - 2026-05-15T16:45:58.032Z
[HTTP] GET /api/notifications/unread-count - 2026-05-15T16:46:58.039Z
[HTTP] GET /api/auth/me - 2026-05-15T16:48:29.246Z
[HTTP] GET /api/apis - 2026-05-15T16:48:29.262Z
[HTTP] GET /api/heartbeats - 2026-05-15T16:48:29.269Z
[HTTP] GET /api/ssl - 2026-05-15T16:48:29.277Z
[HTTP] GET /api/tcp - 2026-05-15T16:48:29.282Z
[HTTP] GET /api/dns - 2026-05-15T16:48:29.287Z
[HTTP] GET /api/domains - 2026-05-15T16:48:29.367Z
[HTTP] GET /api/auth/me - 2026-05-15T16:48:29.674Z
[HTTP] GET /api/domains - 2026-05-15T16:48:29.682Z
[HTTP] GET /api/apis - 2026-05-15T16:48:29.685Z
[HTTP] GET /api/heartbeats - 2026-05-15T16:48:29.691Z
[HTTP] GET /api/ssl - 2026-05-15T16:48:29.695Z
[HTTP] GET /api/tcp - 2026-05-15T16:48:29.697Z
[HTTP] GET /api/dns - 2026-05-15T16:48:29.830Z
[HTTP] GET /api/auth/me - 2026-05-15T16:49:30.954Z
[HTTP] GET /api/apis - 2026-05-15T16:49:30.971Z
[HTTP] GET /api/heartbeats - 2026-05-15T16:49:30.976Z
[HTTP] GET /api/ssl - 2026-05-15T16:49:30.978Z
[HTTP] GET /api/tcp - 2026-05-15T16:49:30.981Z
[HTTP] GET /api/dns - 2026-05-15T16:49:30.984Z
[HTTP] GET /api/domains - 2026-05-15T16:49:31.249Z
[HTTP] GET /api/notifications/unread-count - 2026-05-15T16:49:31.375Z
[HTTP] GET /api/maintenance - 2026-05-15T16:49:31.377Z
[HTTP] GET /api/maintenance - 2026-05-15T16:49:31.509Z
[HTTP] GET /api/notifications/unread-count - 2026-05-15T16:49:31.512Z
[HTTP] GET /api/apis/incidents/all - 2026-05-15T16:50:12.376Z
[HTTP] GET /api/apis/incidents/all - 2026-05-15T16:50:12.594Z
[HTTP] GET /api/notifications/unread-count - 2026-05-15T16:50:31.377Z
[HTTP] GET /api/notifications/unread-count - 2026-05-15T16:50:37.097Z
[HTTP] GET /api/notifications/unread-count - 2026-05-15T16:50:37.234Z
[HTTP] POST /api/auth/login - 2026-05-15T16:51:01.010Z
[HTTP] GET /api/apis - 2026-05-15T16:51:01.662Z
[HTTP] GET /api/heartbeats - 2026-05-15T16:51:01.667Z
[HTTP] GET /api/ssl - 2026-05-15T16:51:01.673Z
[HTTP] GET /api/dns - 2026-05-15T16:51:01.679Z
[HTTP] GET /api/domains - 2026-05-15T16:51:01.687Z
[HTTP] GET /api/tcp - 2026-05-15T16:51:01.694Z
[HTTP] GET /api/notifications/unread-count - 2026-05-15T16:51:01.861Z
[HTTP] GET /api/notifications/unread-count - 2026-05-15T16:51:01.999Z
[HTTP] GET /api/notifications - 2026-05-15T16:51:12.334Z
[HTTP] GET /api/team/invites/me - 2026-05-15T16:51:12.340Z
[HTTP] GET /api/team/invites/me - 2026-05-15T16:51:12.813Z
[HTTP] GET /api/notifications - 2026-05-15T16:51:12.829Z
[HTTP] GET /api/team - 2026-05-15T16:51:19.919Z
[HTTP] GET /api/team/org - 2026-05-15T16:51:19.927Z
[HTTP] GET /api/team/org - 2026-05-15T16:51:20.138Z
[HTTP] GET /api/team - 2026-05-15T16:51:20.215Z
[HTTP] GET /api/notifications - 2026-05-15T16:51:21.577Z
[HTTP] GET /api/team/invites/me - 2026-05-15T16:51:21.582Z
[HTTP] GET /api/team/invites/me - 2026-05-15T16:51:21.956Z
[HTTP] GET /api/notifications - 2026-05-15T16:51:21.967Z
[HTTP] PATCH /api/notifications/6a07337fa9f6998d72de1a56/read - 2026-05-15T16:51:30.495Z
[HTTP] GET /api/team - 2026-05-15T16:51:40.860Z
[HTTP] GET /api/team/org - 2026-05-15T16:51:40.869Z
[HTTP] GET /api/team/org - 2026-05-15T16:51:41.029Z
[HTTP] GET /api/team - 2026-05-15T16:51:41.079Z
[HTTP] GET /api/maintenance - 2026-05-15T16:51:52.801Z
[HTTP] GET /api/maintenance - 2026-05-15T16:51:53.062Z
[HTTP] GET /api/notifications/unread-count - 2026-05-15T16:52:01.777Z
[HTTP] GET /api/notifications/unread-count - 2026-05-15T16:53:01.776Z
[HTTP] GET /api/notifications/unread-count - 2026-05-15T16:54:01.774Z
[HTTP] GET /api/notifications/unread-count - 2026-05-15T16:55:01.780Z
[HTTP] GET /api/notifications/unread-count - 2026-05-15T16:56:01.783Z
[HTTP] GET /api/notifications/unread-count - 2026-05-15T16:57:01.793Z
[HTTP] POST /api/maintenance - 2026-05-15T16:57:50.243Z
[HTTP] GET /api/notifications/unread-count - 2026-05-15T16:58:01.778Z
[HTTP] PATCH /api/apis/69c4bb4b2e730265ca1cdd97/toggle - 2026-05-15T16:58:11.162Z
[HTTP] GET /api/apis/69c4bb4b2e730265ca1cdd97/stats - 2026-05-15T16:58:30.421Z
[HTTP] GET /api/apis/69c4bb4b2e730265ca1cdd97/advanced-stats - 2026-05-15T16:58:30.427Z
[HTTP] GET /api/alert-channels/monitor/69c4bb4b2e730265ca1cdd97 - 2026-05-15T16:58:30.432Z
[HTTP] GET /api/alert-channels/monitor/69c4bb4b2e730265ca1cdd97 - 2026-05-15T16:58:30.646Z
[HTTP] GET /api/apis/69c4bb4b2e730265ca1cdd97/advanced-stats - 2026-05-15T16:58:30.672Z
[HTTP] GET /api/apis/69c4bb4b2e730265ca1cdd97/stats - 2026-05-15T16:58:30.783Z
[HTTP] GET /api/notifications/unread-count - 2026-05-15T16:59:01.781Z
[HTTP] GET /api/maintenance - 2026-05-15T16:59:11.274Z
[HTTP] GET /api/maintenance - 2026-05-15T16:59:11.784Z
[HTTP] GET /api/apis/69c4bb4b2e730265ca1cdd97/stats - 2026-05-15T16:59:35.177Z
[HTTP] GET /api/apis/69c4bb4b2e730265ca1cdd97/advanced-stats - 2026-05-15T16:59:35.183Z
[HTTP] GET /api/alert-channels/monitor/69c4bb4b2e730265ca1cdd97 - 2026-05-15T16:59:35.191Z
[HTTP] GET /api/alert-channels/monitor/69c4bb4b2e730265ca1cdd97 - 2026-05-15T16:59:35.367Z
[HTTP] GET /api/apis/69c4bb4b2e730265ca1cdd97/advanced-stats - 2026-05-15T16:59:35.436Z
[HTTP] GET /api/apis/69c4bb4b2e730265ca1cdd97/stats - 2026-05-15T16:59:35.513Z
[HTTP] PATCH /api/apis/69c4bb4b2e730265ca1cdd97 - 2026-05-15T16:59:42.018Z
[HTTP] GET /api/notifications/unread-count - 2026-05-15T17:00:01.783Z
[HTTP] GET /api/apis/69c4bb4b2e730265ca1cdd97/stats - 2026-05-15T17:00:25.992Z
[HTTP] GET /api/apis/69c4bb4b2e730265ca1cdd97/advanced-stats - 2026-05-15T17:00:25.997Z
[HTTP] GET /api/alert-channels/monitor/69c4bb4b2e730265ca1cdd97 - 2026-05-15T17:00:26.002Z
[HTTP] GET /api/alert-channels/monitor/69c4bb4b2e730265ca1cdd97 - 2026-05-15T17:00:26.307Z
[HTTP] GET /api/apis/69c4bb4b2e730265ca1cdd97/advanced-stats - 2026-05-15T17:00:26.316Z
[HTTP] GET /api/apis/69c4bb4b2e730265ca1cdd97/stats - 2026-05-15T17:00:26.448Z
[HTTP] GET /api/maintenance - 2026-05-15T17:00:38.400Z
[HTTP] GET /api/maintenance - 2026-05-15T17:00:38.679Z
[HTTP] GET /api/notifications/unread-count - 2026-05-15T17:01:01.785Z
[HTTP] GET /api/maintenance - 2026-05-15T17:01:47.046Z
[HTTP] GET /api/maintenance - 2026-05-15T17:01:47.549Z
[HTTP] GET /api/notifications/unread-count - 2026-05-15T17:02:01.781Z
[HTTP] GET /api/notifications/unread-count - 2026-05-15T17:03:01.780Z
[HTTP] GET /api/notifications/unread-count - 2026-05-15T17:04:01.785Z
[HTTP] GET /api/auth/me - 2026-05-15T17:04:49.462Z
[HTTP] GET /api/heartbeats - 2026-05-15T17:04:49.543Z
[HTTP] GET /api/apis - 2026-05-15T17:04:49.656Z
[HTTP] GET /api/ssl - 2026-05-15T17:04:49.683Z
[HTTP] GET /api/tcp - 2026-05-15T17:04:49.725Z
[HTTP] GET /api/dns - 2026-05-15T17:04:49.749Z
[HTTP] GET /api/domains - 2026-05-15T17:04:50.332Z
[HTTP] GET /api/auth/me - 2026-05-15T17:06:07.796Z
[HTTP] GET /api/tcp - 2026-05-15T17:06:07.832Z
[HTTP] GET /api/apis - 2026-05-15T17:06:07.839Z
[HTTP] GET /api/heartbeats - 2026-05-15T17:06:07.845Z
[HTTP] GET /api/ssl - 2026-05-15T17:06:07.849Z
[HTTP] GET /api/dns - 2026-05-15T17:06:07.856Z
[HTTP] GET /api/domains - 2026-05-15T17:06:08.046Z
[HTTP] GET /api/auth/me - 2026-05-15T17:06:29.784Z
[HTTP] GET /api/apis - 2026-05-15T17:06:29.791Z
[HTTP] GET /api/heartbeats - 2026-05-15T17:06:29.797Z
[HTTP] GET /api/ssl - 2026-05-15T17:06:29.806Z
[HTTP] GET /api/tcp - 2026-05-15T17:06:29.817Z
[HTTP] GET /api/dns - 2026-05-15T17:06:29.824Z
[HTTP] GET /api/domains - 2026-05-15T17:06:30.585Z
[HTTP] GET /api/notifications/unread-count - 2026-05-15T17:06:30.752Z
[HTTP] GET /api/audit-log - 2026-05-15T17:06:30.757Z
[HTTP] GET /api/notifications/unread-count - 2026-05-15T17:06:30.903Z
[HTTP] GET /api/audit-log - 2026-05-15T17:06:30.947Z
[HTTP] GET /api/maintenance - 2026-05-15T17:06:50.336Z
[HTTP] GET /api/maintenance - 2026-05-15T17:06:50.927Z
[HTTP] GET /api/apis/incidents/all - 2026-05-15T17:07:00.254Z
[HTTP] GET /api/apis/incidents/all - 2026-05-15T17:07:00.786Z
[HTTP] PATCH /api/apis/69c4bb4b2e730265ca1cdd97/toggle - 2026-05-15T17:07:07.149Z
[HTTP] GET /api/apis/69c4bb4b2e730265ca1cdd97/stats - 2026-05-15T17:07:10.982Z
[HTTP] GET /api/apis/69c4bb4b2e730265ca1cdd97/advanced-stats - 2026-05-15T17:07:11.001Z
[HTTP] GET /api/alert-channels/monitor/69c4bb4b2e730265ca1cdd97 - 2026-05-15T17:07:11.031Z
[HTTP] GET /api/apis/69c4bb4b2e730265ca1cdd97/advanced-stats - 2026-05-15T17:07:11.283Z
[HTTP] GET /api/alert-channels/monitor/69c4bb4b2e730265ca1cdd97 - 2026-05-15T17:07:11.295Z
[HTTP] GET /api/apis/69c4bb4b2e730265ca1cdd97/stats - 2026-05-15T17:07:11.390Z
[HTTP] PATCH /api/apis/69c4bb4b2e730265ca1cdd97 - 2026-05-15T17:07:29.991Z
[HTTP] GET /api/notifications/unread-count - 2026-05-15T17:07:30.749Z
[HTTP] GET /api/maintenance - 2026-05-15T17:07:36.147Z
[HTTP] GET /api/maintenance - 2026-05-15T17:07:36.482Z
[HTTP] DELETE /api/maintenance/6a07508e3d39f310d9f0c888 - 2026-05-15T17:07:39.649Z
[HTTP] PATCH /api/apis/69c4bb4b2e730265ca1cdd97/toggle - 2026-05-15T17:07:48.133Z
[HTTP] GET /api/apis/69c4bb4b2e730265ca1cdd97/stats - 2026-05-15T17:07:52.768Z
[HTTP] GET /api/apis/69c4bb4b2e730265ca1cdd97/advanced-stats - 2026-05-15T17:07:52.774Z
[HTTP] GET /api/alert-channels/monitor/69c4bb4b2e730265ca1cdd97 - 2026-05-15T17:07:52.780Z
[HTTP] GET /api/alert-channels/monitor/69c4bb4b2e730265ca1cdd97 - 2026-05-15T17:07:52.967Z
[HTTP] GET /api/apis/69c4bb4b2e730265ca1cdd97/advanced-stats - 2026-05-15T17:07:52.979Z
[HTTP] GET /api/apis/69c4bb4b2e730265ca1cdd97/stats - 2026-05-15T17:07:53.072Z
[HTTP] GET /api/audit-log - 2026-05-15T17:08:09.187Z
[HTTP] GET /api/audit-log - 2026-05-15T17:08:09.416Z
[HTTP] GET /api/notifications/unread-count - 2026-05-15T17:08:30.760Z
[HTTP] GET /api/team - 2026-05-15T17:08:35.110Z
[HTTP] GET /api/team/org - 2026-05-15T17:08:35.116Z
[HTTP] GET /api/team/org - 2026-05-15T17:08:35.611Z
[HTTP] GET /api/team - 2026-05-15T17:08:35.675Z
[HTTP] GET /api/api-keys - 2026-05-15T17:08:42.365Z
[HTTP] GET /api/api-keys - 2026-05-15T17:08:42.768Z
[HTTP] GET /api/maintenance - 2026-05-15T17:08:57.768Z
[HTTP] GET /api/maintenance - 2026-05-15T17:08:57.997Z
[HTTP] PATCH /api/apis/69c4bb4b2e730265ca1cdd97/toggle - 2026-05-15T17:09:30.657Z
[HTTP] GET /api/notifications/unread-count - 2026-05-15T17:09:30.750Z
[HTTP] GET /api/auth/me - 2026-05-15T17:10:05.519Z
[HTTP] GET /api/apis - 2026-05-15T17:10:05.533Z
[HTTP] GET /api/heartbeats - 2026-05-15T17:10:05.547Z
[HTTP] GET /api/ssl - 2026-05-15T17:10:05.553Z
[HTTP] GET /api/tcp - 2026-05-15T17:10:05.561Z
[HTTP] GET /api/dns - 2026-05-15T17:10:05.567Z
[HTTP] GET /api/domains - 2026-05-15T17:10:05.841Z
[HTTP] GET /api/notifications/unread-count - 2026-05-15T17:10:06.370Z
[HTTP] GET /api/notifications/unread-count - 2026-05-15T17:10:06.510Z
[HTTP] GET /api/alert-channels - 2026-05-15T17:10:47.902Z
[HTTP] GET /api/alert-channels - 2026-05-15T17:10:48.258Z
[HTTP] GET /api/apis/incidents/all - 2026-05-15T17:10:56.319Z
[HTTP] GET /api/apis/incidents/all - 2026-05-15T17:10:56.876Z
[HTTP] GET /api/apis/incidents/all - 2026-05-15T17:11:01.430Z
[HTTP] GET /api/apis/incidents/all - 2026-05-15T17:11:01.748Z
[HTTP] GET /api/notifications/unread-count - 2026-05-15T17:11:06.366Z
[HTTP] GET /api/notifications/unread-count - 2026-05-15T17:12:06.369Z
[HTTP] GET /api/notifications/unread-count - 2026-05-15T17:13:06.364Z
[HTTP] GET /api/heartbeats/69c4baf32e730265ca1cdd5d/stats - 2026-05-15T17:13:23.107Z
[HTTP] GET /api/alert-channels/monitor/69c4baf32e730265ca1cdd5d - 2026-05-15T17:13:23.116Z
[HTTP] GET /api/alert-channels/monitor/69c4baf32e730265ca1cdd5d - 2026-05-15T17:13:23.276Z
[HTTP] GET /api/heartbeats/69c4baf32e730265ca1cdd5d/stats - 2026-05-15T17:13:23.349Z
[HTTP] GET /api/notifications/unread-count - 2026-05-15T17:14:06.370Z
[HTTP] GET /api/notifications/unread-count - 2026-05-15T17:15:06.366Z
[HTTP] GET /api/tcp - 2026-05-15T17:15:10.388Z
[HTTP] GET /api/tcp - 2026-05-15T17:15:10.560Z
[HTTP] GET /api/auth/me - 2026-05-22T05:50:53.487Z
[HTTP] GET /api/apis - 2026-05-22T05:50:53.626Z
[HTTP] GET /api/heartbeats - 2026-05-22T05:50:53.636Z
[HTTP] GET /api/dns - 2026-05-22T05:50:53.663Z
[HTTP] GET /api/ssl - 2026-05-22T05:50:53.696Z
[HTTP] GET /api/tcp - 2026-05-22T05:50:53.736Z
[HTTP] GET /api/domains - 2026-05-22T05:50:53.951Z
[HTTP] GET /api/notifications/unread-count - 2026-05-22T05:55:06.474Z
[HTTP] GET /api/notifications/unread-count - 2026-05-22T05:55:06.793Z
[HTTP] GET /api/apis/incidents/all - 2026-05-22T05:55:17.368Z
[HTTP] GET /api/apis/incidents/all - 2026-05-22T05:55:18.433Z
[HTTP] GET /api/api-keys - 2026-05-22T05:55:30.324Z
[HTTP] GET /api/api-keys - 2026-05-22T05:55:30.602Z
[HTTP] GET /api/notifications/unread-count - 2026-05-22T05:56:12.796Z
[HTTP] GET /api/notifications/unread-count - 2026-05-22T05:57:23.540Z
[HTTP] GET /api/auth/me - 2026-05-22T05:59:41.345Z
[HTTP] GET /api/apis - 2026-05-22T05:59:41.426Z
[HTTP] GET /api/heartbeats - 2026-05-22T05:59:41.453Z
[HTTP] GET /api/ssl - 2026-05-22T05:59:41.498Z
[HTTP] GET /api/tcp - 2026-05-22T05:59:41.536Z
[HTTP] GET /api/dns - 2026-05-22T05:59:41.579Z
[HTTP] GET /api/domains - 2026-05-22T05:59:41.859Z
[HTTP] GET /api/notifications/unread-count - 2026-05-22T05:59:49.804Z
[HTTP] GET /api/api-keys - 2026-05-22T05:59:49.826Z
[HTTP] GET /api/notifications/unread-count - 2026-05-22T05:59:49.995Z
[HTTP] GET /api/api-keys - 2026-05-22T05:59:50.100Z
[HTTP] GET /api/notifications/unread-count - 2026-05-22T06:00:50.247Z
[HTTP] GET /api/notifications/unread-count - 2026-05-22T06:01:50.666Z
[HTTP] GET /api/notifications/unread-count - 2026-05-22T06:02:50.282Z
[HTTP] GET /api/notifications/unread-count - 2026-05-22T06:03:50.285Z
[HTTP] GET /api/notifications/unread-count - 2026-05-22T06:04:50.244Z
[HTTP] GET /api/notifications - 2026-05-22T06:05:43.664Z
[HTTP] GET /api/team/invites/me - 2026-05-22T06:05:43.673Z
[HTTP] GET /api/notifications - 2026-05-22T06:05:44.050Z
[HTTP] GET /api/team/invites/me - 2026-05-22T06:05:44.090Z
[HTTP] GET /api/notifications/unread-count - 2026-05-22T06:05:49.794Z
[HTTP] GET /api/team - 2026-05-22T06:06:05.259Z
[HTTP] GET /api/team/org - 2026-05-22T06:06:05.271Z
[HTTP] GET /api/team/org - 2026-05-22T06:06:05.490Z
[HTTP] GET /api/team - 2026-05-22T06:06:05.540Z
[HTTP] GET /api/maintenance - 2026-05-22T06:06:09.384Z
[HTTP] GET /api/maintenance - 2026-05-22T06:06:09.591Z
[HTTP] GET /api/audit-log - 2026-05-22T06:06:12.299Z
[HTTP] GET /api/audit-log - 2026-05-22T06:06:12.828Z
[HTTP] GET /api/notifications/unread-count - 2026-05-22T06:06:49.789Z
[HTTP] GET /api/notifications/unread-count - 2026-05-22T06:07:50.236Z
[HTTP] GET /api/notifications/unread-count - 2026-05-22T06:09:30.238Z
[HTTP] GET /api/notifications/unread-count - 2026-05-22T06:43:25.355Z
[HTTP] GET /api/notifications/unread-count - 2026-05-22T09:06:29.786Z
[HTTP] GET /api/notifications/unread-count - 2026-05-22T09:06:55.197Z
[HTTP] GET /api/notifications/unread-count - 2026-05-22T09:07:50.450Z
[HTTP] GET /api/notifications/unread-count - 2026-05-22T09:08:50.473Z
[HTTP] GET /api/notifications/unread-count - 2026-05-22T09:14:34.967Z
[HTTP] GET /api/notifications/unread-count - 2026-05-22T09:15:30.235Z
[HTTP] GET /api/notifications/unread-count - 2026-05-22T09:16:30.285Z
[HTTP] GET /api/notifications/unread-count - 2026-05-22T09:17:30.248Z
[HTTP] GET /api/notifications/unread-count - 2026-05-22T09:18:30.245Z
[HTTP] GET /api/notifications/unread-count - 2026-05-22T09:19:30.239Z
[HTTP] GET /api/notifications/unread-count - 2026-05-22T09:20:30.325Z
[HTTP] GET /api/notifications/unread-count - 2026-05-22T09:21:30.256Z
[HTTP] GET /api/notifications/unread-count - 2026-05-22T09:22:30.251Z
[HTTP] GET /api/notifications/unread-count - 2026-05-22T09:23:30.250Z
[HTTP] GET /api/notifications/unread-count - 2026-05-22T09:24:30.246Z
[HTTP] GET /api/notifications/unread-count - 2026-05-22T09:25:30.255Z
[HTTP] GET /api/notifications/unread-count - 2026-05-22T09:26:30.243Z
[HTTP] GET /api/notifications/unread-count - 2026-05-22T09:27:30.243Z
[HTTP] GET /api/notifications/unread-count - 2026-05-22T09:28:30.236Z
[HTTP] GET /api/notifications/unread-count - 2026-05-22T09:29:30.249Z
[HTTP] GET /api/notifications/unread-count - 2026-05-22T09:30:30.237Z
[HTTP] GET /api/notifications/unread-count - 2026-05-22T09:31:30.323Z
[HTTP] GET /api/notifications/unread-count - 2026-05-22T09:32:30.248Z
[HTTP] GET /api/notifications/unread-count - 2026-05-22T09:33:30.250Z
[HTTP] GET /api/notifications/unread-count - 2026-05-22T09:34:30.240Z
[HTTP] GET /api/notifications/unread-count - 2026-05-22T09:35:30.242Z
[HTTP] GET /api/notifications/unread-count - 2026-05-22T09:36:30.247Z
[HTTP] GET /api/notifications/unread-count - 2026-05-22T09:37:30.252Z
[HTTP] GET /api/notifications/unread-count - 2026-05-22T09:38:30.245Z
[HTTP] GET /api/notifications/unread-count - 2026-05-22T09:39:30.278Z
[HTTP] GET /api/notifications/unread-count - 2026-05-22T09:40:30.243Z
[HTTP] GET /api/notifications/unread-count - 2026-05-22T09:41:30.248Z
[HTTP] GET /api/notifications/unread-count - 2026-05-22T09:42:30.250Z
[HTTP] GET /api/notifications/unread-count - 2026-05-22T09:43:30.241Z
[HTTP] GET /api/notifications/unread-count - 2026-05-22T09:44:11.690Z
[HTTP] GET /api/auth/me - 2026-06-19T12:43:40.899Z
[HTTP] GET /api/apis - 2026-06-19T12:43:41.281Z
[HTTP] GET /api/heartbeats - 2026-06-19T12:43:41.288Z
[HTTP] GET /api/ssl - 2026-06-19T12:43:41.292Z
[HTTP] GET /api/tcp - 2026-06-19T12:43:41.297Z
[HTTP] GET /api/dns - 2026-06-19T12:43:41.301Z
[HTTP] GET /api/domains - 2026-06-19T12:43:41.309Z
[HTTP] POST /api/auth/login - 2026-06-19T12:44:24.781Z
[HTTP] GET /api/heartbeats - 2026-06-19T12:44:26.334Z
[HTTP] GET /api/ssl - 2026-06-19T12:44:26.470Z
[HTTP] GET /api/tcp - 2026-06-19T12:44:26.548Z
[HTTP] GET /api/dns - 2026-06-19T12:44:26.630Z
[HTTP] GET /api/domains - 2026-06-19T12:44:26.682Z
[HTTP] GET /api/apis - 2026-06-19T12:44:26.738Z
[HTTP] GET /api/notifications/unread-count - 2026-06-19T12:44:32.871Z
[HTTP] GET /api/notifications/unread-count - 2026-06-19T12:44:33.050Z
[HTTP] GET /api/apis/incidents/all - 2026-06-19T12:44:54.151Z
[HTTP] GET /api/apis/incidents/all - 2026-06-19T12:44:54.720Z
[HTTP] GET /api/notifications/unread-count - 2026-06-19T12:45:08.080Z
[HTTP] GET /api/notifications/unread-count - 2026-06-19T12:45:08.278Z
[HTTP] GET /api/api-keys - 2026-06-19T12:45:15.105Z
[HTTP] GET /api/api-keys - 2026-06-19T12:45:15.287Z
[HTTP] GET /api/domains - 2026-06-19T12:45:22.221Z
[HTTP] GET /api/domains - 2026-06-19T12:45:22.520Z
[HTTP] GET /api/dns - 2026-06-19T12:45:27.894Z
[HTTP] GET /api/dns - 2026-06-19T12:45:28.101Z
[HTTP] GET /api/tcp - 2026-06-19T12:45:33.933Z
[HTTP] GET /api/tcp - 2026-06-19T12:45:34.188Z
[HTTP] GET /api/notifications/unread-count - 2026-06-19T12:46:08.172Z
[HTTP] GET /api/team - 2026-06-19T12:46:56.703Z
[HTTP] GET /api/team/org - 2026-06-19T12:46:56.713Z
[HTTP] GET /api/team/org - 2026-06-19T12:46:57.042Z
[HTTP] GET /api/team - 2026-06-19T12:46:57.160Z
[HTTP] GET /api/notifications/unread-count - 2026-06-19T12:47:22.175Z
[HTTP] GET /api/notifications/unread-count - 2026-06-19T12:48:09.041Z
[HTTP] GET /api/notifications/unread-count - 2026-06-19T12:50:55.226Z
[HTTP] GET /api/notifications/unread-count - 2026-06-19T12:51:10.403Z
[HTTP] GET /api/notifications/unread-count - 2026-06-19T12:53:37.221Z
[HTTP] GET /api/notifications/unread-count - 2026-06-19T12:54:30.026Z
[HTTP] GET /api/notifications/unread-count - 2026-06-19T12:55:08.194Z
[HTTP] GET /api/notifications/unread-count - 2026-06-19T12:56:08.181Z
[HTTP] GET /api/notifications/unread-count - 2026-06-19T12:57:10.192Z
[HTTP] GET /api/notifications/unread-count - 2026-06-19T12:58:10.151Z
[HTTP] GET /api/notifications/unread-count - 2026-06-19T12:59:10.184Z
[HTTP] GET /api/notifications/unread-count - 2026-06-19T13:00:10.171Z
[HTTP] GET /api/notifications/unread-count - 2026-06-19T13:01:10.193Z
[HTTP] GET /api/notifications/unread-count - 2026-06-19T13:02:10.195Z
[HTTP] GET /api/notifications/unread-count - 2026-06-19T13:03:13.242Z
[HTTP] GET /api/notifications/unread-count - 2026-06-19T13:04:11.499Z
[HTTP] GET /api/notifications/unread-count - 2026-06-19T13:05:10.195Z
[HTTP] GET /api/notifications/unread-count - 2026-06-19T13:06:08.087Z
[HTTP] GET /api/audit-log - 2026-06-19T13:06:10.596Z
[HTTP] GET /api/audit-log - 2026-06-19T13:06:10.915Z
[HTTP] GET /api/api-keys - 2026-06-19T13:06:11.649Z
[HTTP] GET /api/api-keys - 2026-06-19T13:06:11.861Z
[HTTP] GET /api/apis - 2026-06-19T13:06:36.223Z
[HTTP] GET /api/auth/me - 2026-06-19T13:06:36.237Z
[HTTP] GET /api/heartbeats - 2026-06-19T13:06:36.248Z
[HTTP] GET /api/ssl - 2026-06-19T13:06:36.258Z
[HTTP] GET /api/tcp - 2026-06-19T13:06:36.264Z
[HTTP] GET /api/dns - 2026-06-19T13:06:36.273Z
[HTTP] GET /api/domains - 2026-06-19T13:06:36.498Z
[HTTP] GET /api/notifications/unread-count - 2026-06-19T13:06:36.905Z
[HTTP] GET /api/api-keys - 2026-06-19T13:06:36.917Z
[HTTP] GET /api/notifications/unread-count - 2026-06-19T13:06:37.090Z
[HTTP] GET /api/api-keys - 2026-06-19T13:06:37.108Z
[HTTP] GET /api/notifications/unread-count - 2026-06-19T13:07:37.167Z
[HTTP] GET /api/notifications/unread-count - 2026-06-19T13:08:38.371Z
[HTTP] GET /api/notifications/unread-count - 2026-06-19T13:09:37.167Z
[HTTP] GET /api/notifications/unread-count - 2026-06-19T13:10:38.558Z
[HTTP] GET /api/notifications/unread-count - 2026-06-19T13:11:37.197Z
[HTTP] GET /api/notifications/unread-count - 2026-06-19T13:12:37.436Z
[HTTP] GET /api/notifications/unread-count - 2026-06-19T13:14:16.947Z
[HTTP] GET /api/auth/me - 2026-06-19T13:15:14.383Z
[HTTP] GET /api/apis - 2026-06-19T13:15:14.434Z
[HTTP] GET /api/heartbeats - 2026-06-19T13:15:14.441Z
[HTTP] GET /api/ssl - 2026-06-19T13:15:14.444Z
[HTTP] GET /api/tcp - 2026-06-19T13:15:14.448Z
[HTTP] GET /api/dns - 2026-06-19T13:15:14.531Z
[HTTP] GET /api/domains - 2026-06-19T13:15:14.667Z
[HTTP] GET /api/apis/api-keys/stats - 2026-06-19T13:15:14.954Z
[HTTP] GET /api/notifications/unread-count - 2026-06-19T13:15:14.960Z
[HTTP] GET /api/apis/api-keys/advanced-stats - 2026-06-19T13:15:14.971Z
[HTTP] GET /api/alert-channels/monitor/api-keys - 2026-06-19T13:15:14.975Z
[HTTP] GET /api/alert-channels/monitor/api-keys - 2026-06-19T13:15:15.233Z
[HTTP] GET /api/apis/api-keys/advanced-stats - 2026-06-19T13:15:15.239Z
[HTTP] GET /api/apis/api-keys/stats - 2026-06-19T13:15:15.244Z
[HTTP] GET /api/notifications/unread-count - 2026-06-19T13:15:15.292Z
[HTTP] GET /api/notifications/unread-count - 2026-06-19T13:16:15.149Z
[HTTP] GET /api/notifications/unread-count - 2026-06-19T13:18:15.192Z
[HTTP] GET /api/notifications/unread-count - 2026-06-19T13:19:15.152Z
[HTTP] GET /api/notifications/unread-count - 2026-06-19T13:20:15.167Z
[HTTP] GET /api/notifications/unread-count - 2026-06-19T13:21:15.155Z
[HTTP] GET /api/notifications/unread-count - 2026-06-19T13:22:17.195Z
[HTTP] GET /api/notifications/unread-count - 2026-06-19T13:24:10.153Z
[HTTP] GET /api/notifications/unread-count - 2026-06-19T13:25:10.163Z
[HTTP] GET /api/notifications/unread-count - 2026-06-19T13:26:10.157Z
[HTTP] GET /api/notifications/unread-count - 2026-06-19T13:27:10.153Z
[HTTP] GET /api/notifications/unread-count - 2026-06-19T13:28:10.153Z
[HTTP] GET /api/notifications/unread-count - 2026-06-19T13:29:10.162Z
[HTTP] GET /api/notifications/unread-count - 2026-06-19T13:30:10.152Z
[HTTP] GET /api/notifications/unread-count - 2026-06-19T13:31:10.161Z
[HTTP] GET /api/notifications/unread-count - 2026-06-19T13:32:10.156Z
[HTTP] GET /api/notifications/unread-count - 2026-06-19T13:33:10.166Z
[HTTP] GET /api/notifications/unread-count - 2026-06-19T13:34:10.168Z
[HTTP] GET /api/notifications/unread-count - 2026-06-19T13:35:10.151Z
[HTTP] GET /api/notifications/unread-count - 2026-06-19T13:36:10.153Z
[HTTP] GET /api/notifications/unread-count - 2026-06-19T13:37:10.160Z
[HTTP] GET /api/auth/me - 2026-06-19T13:43:31.235Z
[HTTP] GET /api/apis - 2026-06-19T13:43:31.283Z
[HTTP] GET /api/heartbeats - 2026-06-19T13:43:31.289Z
[HTTP] GET /api/ssl - 2026-06-19T13:43:31.293Z
[HTTP] GET /api/tcp - 2026-06-19T13:43:31.298Z
[HTTP] GET /api/dns - 2026-06-19T13:43:31.388Z
[HTTP] GET /api/domains - 2026-06-19T13:43:31.607Z
[HTTP] GET /api/auth/me - 2026-06-19T13:43:35.395Z
[HTTP] GET /api/apis - 2026-06-19T13:43:35.436Z
[HTTP] GET /api/heartbeats - 2026-06-19T13:43:35.452Z
[HTTP] GET /api/ssl - 2026-06-19T13:43:35.482Z
[HTTP] GET /api/tcp - 2026-06-19T13:43:35.501Z
[HTTP] GET /api/dns - 2026-06-19T13:43:35.534Z
[HTTP] GET /api/domains - 2026-06-19T13:43:35.800Z
[HTTP] GET /api/auth/me - 2026-06-19T13:43:43.766Z
[HTTP] GET /api/apis - 2026-06-19T13:43:43.835Z
[HTTP] GET /api/ssl - 2026-06-19T13:43:43.849Z
[HTTP] GET /api/heartbeats - 2026-06-19T13:43:43.864Z
[HTTP] GET /api/tcp - 2026-06-19T13:43:43.871Z
[HTTP] GET /api/dns - 2026-06-19T13:43:43.939Z
[HTTP] GET /api/domains - 2026-06-19T13:43:44.490Z
[HTTP] GET /api/auth/me - 2026-06-19T13:50:09.165Z
[HTTP] GET /api/apis - 2026-06-19T13:50:09.265Z
[HTTP] GET /api/heartbeats - 2026-06-19T13:50:09.291Z
[HTTP] GET /api/ssl - 2026-06-19T13:50:09.310Z
[HTTP] GET /api/tcp - 2026-06-19T13:50:09.329Z
[HTTP] GET /api/dns - 2026-06-19T13:50:09.433Z
[HTTP] GET /api/domains - 2026-06-19T13:50:09.575Z
[HTTP] GET /api/auth/me - 2026-06-19T13:52:53.786Z
[HTTP] GET /api/apis - 2026-06-19T13:52:53.869Z
[HTTP] GET /api/heartbeats - 2026-06-19T13:52:53.883Z
[HTTP] GET /api/ssl - 2026-06-19T13:52:53.899Z
[HTTP] GET /api/tcp - 2026-06-19T13:52:53.910Z
[HTTP] GET /api/dns - 2026-06-19T13:52:53.981Z
[HTTP] GET /api/domains - 2026-06-19T13:52:54.141Z
[HTTP] GET /api/auth/me - 2026-06-19T13:52:59.974Z
[HTTP] GET /api/apis - 2026-06-19T13:53:00.076Z
[HTTP] GET /api/heartbeats - 2026-06-19T13:53:00.100Z
[HTTP] GET /api/ssl - 2026-06-19T13:53:00.118Z
[HTTP] GET /api/tcp - 2026-06-19T13:53:00.148Z
[HTTP] GET /api/dns - 2026-06-19T13:53:00.163Z
[HTTP] GET /api/domains - 2026-06-19T13:53:00.331Z
[HTTP] GET /api/auth/me - 2026-06-19T13:57:35.751Z
[HTTP] GET /api/apis - 2026-06-19T13:57:35.913Z
[HTTP] GET /api/heartbeats - 2026-06-19T13:57:35.933Z
[HTTP] GET /api/ssl - 2026-06-19T13:57:35.946Z
[HTTP] GET /api/tcp - 2026-06-19T13:57:35.965Z
[HTTP] GET /api/dns - 2026-06-19T13:57:36.129Z
[HTTP] GET /api/domains - 2026-06-19T13:57:36.156Z
[HTTP] GET /api/notifications/unread-count - 2026-06-19T13:57:36.383Z
[HTTP] GET /api/apis/api-keys/stats - 2026-06-19T13:57:36.398Z
[HTTP] GET /api/apis/api-keys/advanced-stats - 2026-06-19T13:57:36.414Z
[HTTP] GET /api/alert-channels/monitor/api-keys - 2026-06-19T13:57:36.420Z
[HTTP] GET /api/apis/api-keys/stats - 2026-06-19T13:57:36.576Z
[HTTP] GET /api/alert-channels/monitor/api-keys - 2026-06-19T13:57:36.585Z
[HTTP] GET /api/apis/api-keys/advanced-stats - 2026-06-19T13:57:36.596Z
[HTTP] GET /api/notifications/unread-count - 2026-06-19T13:57:36.619Z
[HTTP] GET /api/notifications/unread-count - 2026-06-19T13:58:37.159Z
[HTTP] POST /api/auth/login - 2026-06-19T14:06:02.470Z
[HTTP] GET /api/heartbeats - 2026-06-19T14:06:03.068Z
[HTTP] GET /api/apis - 2026-06-19T14:06:03.074Z
[HTTP] GET /api/tcp - 2026-06-19T14:06:03.080Z
[HTTP] GET /api/ssl - 2026-06-19T14:06:03.085Z
[HTTP] GET /api/dns - 2026-06-19T14:06:03.092Z
[HTTP] GET /api/domains - 2026-06-19T14:06:03.098Z
[HTTP] GET /api/notifications/unread-count - 2026-06-19T14:06:03.358Z
[HTTP] GET /api/notifications/unread-count - 2026-06-19T14:06:03.593Z
[HTTP] GET /api/notifications/unread-count - 2026-06-19T14:07:04.155Z
[HTTP] GET /api/notifications/unread-count - 2026-06-19T14:08:04.158Z
[HTTP] GET /api/notifications/unread-count - 2026-06-19T14:09:04.159Z
[HTTP] GET /api/notifications/unread-count - 2026-06-19T14:10:04.161Z
[HTTP] DELETE /api/apis/69c4bb4b2e730265ca1cdd97 - 2026-06-19T14:10:21.591Z
[HTTP] GET /api/notifications/unread-count - 2026-06-19T14:11:03.235Z
[HTTP] GET /api/alert-channels - 2026-06-19T14:11:15.257Z
[HTTP] GET /api/alert-channels - 2026-06-19T14:11:15.497Z
[HTTP] POST /api/apis - 2026-06-19T14:11:22.150Z
[HTTP] GET /api/apis/6a354e0a475b4f75e7a800cf/stats - 2026-06-19T14:11:25.172Z
[HTTP] GET /api/apis/6a354e0a475b4f75e7a800cf/advanced-stats - 2026-06-19T14:11:25.179Z
[HTTP] GET /api/alert-channels/monitor/6a354e0a475b4f75e7a800cf - 2026-06-19T14:11:25.185Z
[HTTP] GET /api/alert-channels/monitor/6a354e0a475b4f75e7a800cf - 2026-06-19T14:11:25.398Z
[HTTP] GET /api/apis/6a354e0a475b4f75e7a800cf/advanced-stats - 2026-06-19T14:11:25.432Z
[HTTP] GET /api/apis/6a354e0a475b4f75e7a800cf/stats - 2026-06-19T14:11:25.566Z
[HTTP] GET /api/notifications/unread-count - 2026-06-19T14:12:04.151Z
[HTTP] GET /api/alert-channels - 2026-06-19T14:12:32.391Z
[HTTP] GET /api/alert-channels - 2026-06-19T14:12:33.007Z
[HTTP] GET /api/alert-channels - 2026-06-19T14:12:33.250Z
[HTTP] GET /api/alert-channels - 2026-06-19T14:12:33.490Z
[HTTP] GET /api/alert-channels - 2026-06-19T14:12:41.546Z
[HTTP] GET /api/alert-channels - 2026-06-19T14:12:41.868Z
[HTTP] GET /api/alert-channels - 2026-06-19T14:12:42.069Z
[HTTP] GET /api/alert-channels - 2026-06-19T14:12:42.306Z
[HTTP] GET /api/notifications/unread-count - 2026-06-19T14:13:04.150Z
[HTTP] GET /api/notifications/unread-count - 2026-06-19T14:14:03.230Z
[HTTP] GET /api/notifications/unread-count - 2026-06-19T14:15:04.167Z
[HTTP] GET /api/notifications/unread-count - 2026-06-19T14:16:04.161Z
[HTTP] GET /api/apis/6a354e0a475b4f75e7a800cf/stats - 2026-06-19T14:16:35.351Z
[HTTP] GET /api/apis/6a354e0a475b4f75e7a800cf/advanced-stats - 2026-06-19T14:16:35.356Z
[HTTP] GET /api/alert-channels/monitor/6a354e0a475b4f75e7a800cf - 2026-06-19T14:16:35.363Z
[HTTP] GET /api/alert-channels/monitor/6a354e0a475b4f75e7a800cf - 2026-06-19T14:16:35.581Z
[HTTP] GET /api/apis/6a354e0a475b4f75e7a800cf/advanced-stats - 2026-06-19T14:16:35.606Z
[HTTP] GET /api/apis/6a354e0a475b4f75e7a800cf/stats - 2026-06-19T14:16:35.690Z
[HTTP] GET /api/notifications/unread-count - 2026-06-19T14:17:03.228Z
[HTTP] PATCH /api/apis/6a354e0a475b4f75e7a800cf - 2026-06-19T14:17:07.950Z
[HTTP] GET /api/notifications/unread-count - 2026-06-19T14:18:04.163Z
[HTTP] GET /api/apis/6a354e0a475b4f75e7a800cf/stats - 2026-06-19T14:18:17.025Z
[HTTP] GET /api/apis/6a354e0a475b4f75e7a800cf/advanced-stats - 2026-06-19T14:18:17.034Z
[HTTP] GET /api/alert-channels/monitor/6a354e0a475b4f75e7a800cf - 2026-06-19T14:18:17.039Z
[HTTP] GET /api/alert-channels/monitor/6a354e0a475b4f75e7a800cf - 2026-06-19T14:18:17.255Z
[HTTP] GET /api/apis/6a354e0a475b4f75e7a800cf/advanced-stats - 2026-06-19T14:18:17.302Z
[HTTP] GET /api/apis/6a354e0a475b4f75e7a800cf/stats - 2026-06-19T14:18:17.419Z
[HTTP] GET /api/notifications/unread-count - 2026-06-19T14:19:03.222Z
[HTTP] GET /api/apis/6a354e0a475b4f75e7a800cf/stats - 2026-06-19T14:19:12.057Z
[HTTP] GET /api/apis/6a354e0a475b4f75e7a800cf/advanced-stats - 2026-06-19T14:19:12.064Z
[HTTP] GET /api/alert-channels/monitor/6a354e0a475b4f75e7a800cf - 2026-06-19T14:19:12.069Z
[HTTP] GET /api/alert-channels/monitor/6a354e0a475b4f75e7a800cf - 2026-06-19T14:19:12.301Z
[HTTP] GET /api/apis/6a354e0a475b4f75e7a800cf/advanced-stats - 2026-06-19T14:19:12.366Z
[HTTP] GET /api/apis/6a354e0a475b4f75e7a800cf/stats - 2026-06-19T14:19:12.431Z
[HTTP] GET /api/apis/6a354e0a475b4f75e7a800cf/stats - 2026-06-19T14:19:39.838Z
[HTTP] GET /api/apis/6a354e0a475b4f75e7a800cf/advanced-stats - 2026-06-19T14:19:39.846Z
[HTTP] GET /api/alert-channels/monitor/6a354e0a475b4f75e7a800cf - 2026-06-19T14:19:39.850Z
[HTTP] GET /api/alert-channels/monitor/6a354e0a475b4f75e7a800cf - 2026-06-19T14:19:40.472Z
[HTTP] GET /api/apis/6a354e0a475b4f75e7a800cf/advanced-stats - 2026-06-19T14:19:40.742Z
[HTTP] GET /api/apis/6a354e0a475b4f75e7a800cf/stats - 2026-06-19T14:19:41.380Z
[HTTP] GET /api/notifications/unread-count - 2026-06-19T14:20:03.226Z
[HTTP] GET /api/apis/6a354e0a475b4f75e7a800cf/stats - 2026-06-19T14:20:38.891Z
[HTTP] GET /api/apis/6a354e0a475b4f75e7a800cf/advanced-stats - 2026-06-19T14:20:38.901Z
[HTTP] GET /api/alert-channels/monitor/6a354e0a475b4f75e7a800cf - 2026-06-19T14:20:38.915Z
[HTTP] GET /api/alert-channels/monitor/6a354e0a475b4f75e7a800cf - 2026-06-19T14:20:39.104Z
[HTTP] GET /api/apis/6a354e0a475b4f75e7a800cf/advanced-stats - 2026-06-19T14:20:39.171Z
[HTTP] GET /api/apis/6a354e0a475b4f75e7a800cf/stats - 2026-06-19T14:20:39.283Z
[HTTP] PATCH /api/apis/6a354e0a475b4f75e7a800cf - 2026-06-19T14:20:55.123Z
[HTTP] GET /api/notifications/unread-count - 2026-06-19T14:21:03.222Z
[HTTP] GET /api/alert-channels - 2026-06-19T14:21:05.265Z
[HTTP] GET /api/alert-channels - 2026-06-19T14:21:05.529Z
[HTTP] GET /api/alert-channels - 2026-06-19T14:21:06.044Z
[HTTP] GET /api/alert-channels - 2026-06-19T14:21:06.386Z
[HTTP] GET /api/notifications/unread-count - 2026-06-19T14:22:04.161Z
[HTTP] GET /api/notifications/unread-count - 2026-06-19T14:23:03.232Z
[HTTP] GET /api/apis/6a354e0a475b4f75e7a800cf/stats - 2026-06-19T14:23:14.748Z
[HTTP] GET /api/alert-channels/monitor/6a354e0a475b4f75e7a800cf - 2026-06-19T14:23:14.757Z
[HTTP] GET /api/apis/6a354e0a475b4f75e7a800cf/advanced-stats - 2026-06-19T14:23:14.767Z
[HTTP] GET /api/alert-channels/monitor/6a354e0a475b4f75e7a800cf - 2026-06-19T14:23:14.973Z
[HTTP] GET /api/apis/6a354e0a475b4f75e7a800cf/advanced-stats - 2026-06-19T14:23:15.052Z
[HTTP] GET /api/apis/6a354e0a475b4f75e7a800cf/stats - 2026-06-19T14:23:15.158Z
[HTTP] GET /api/notifications/unread-count - 2026-06-19T14:24:04.155Z
[HTTP] GET /api/apis/6a354e0a475b4f75e7a800cf/stats - 2026-06-19T14:24:26.518Z
[HTTP] GET /api/apis/6a354e0a475b4f75e7a800cf/advanced-stats - 2026-06-19T14:24:26.527Z
[HTTP] GET /api/alert-channels/monitor/6a354e0a475b4f75e7a800cf - 2026-06-19T14:24:26.535Z
[HTTP] GET /api/alert-channels/monitor/6a354e0a475b4f75e7a800cf - 2026-06-19T14:24:26.848Z
[HTTP] GET /api/apis/6a354e0a475b4f75e7a800cf/advanced-stats - 2026-06-19T14:24:26.865Z
[HTTP] GET /api/apis/6a354e0a475b4f75e7a800cf/stats - 2026-06-19T14:24:27.007Z
[HTTP] GET /api/auth/me - 2026-06-19T14:25:11.319Z
[HTTP] GET /api/apis - 2026-06-19T14:25:11.399Z
[HTTP] GET /api/ssl - 2026-06-19T14:25:11.413Z
[HTTP] GET /api/heartbeats - 2026-06-19T14:25:11.421Z
[HTTP] GET /api/tcp - 2026-06-19T14:25:11.433Z
[HTTP] GET /api/domains - 2026-06-19T14:25:11.446Z
[HTTP] GET /api/dns - 2026-06-19T14:25:11.742Z
[HTTP] GET /api/notifications/unread-count - 2026-06-19T14:25:12.381Z
[HTTP] GET /api/apis/6a354e0a475b4f75e7a800cf/stats - 2026-06-19T14:25:12.389Z
[HTTP] GET /api/apis/6a354e0a475b4f75e7a800cf/advanced-stats - 2026-06-19T14:25:12.399Z
[HTTP] GET /api/alert-channels/monitor/6a354e0a475b4f75e7a800cf - 2026-06-19T14:25:12.405Z
[HTTP] GET /api/notifications/unread-count - 2026-06-19T14:25:12.614Z
[HTTP] GET /api/alert-channels/monitor/6a354e0a475b4f75e7a800cf - 2026-06-19T14:25:12.623Z
[HTTP] GET /api/apis/6a354e0a475b4f75e7a800cf/advanced-stats - 2026-06-19T14:25:12.672Z
[HTTP] GET /api/apis/6a354e0a475b4f75e7a800cf/stats - 2026-06-19T14:25:12.768Z
[HTTP] GET /api/auth/me - 2026-06-19T14:25:20.843Z
[HTTP] GET /api/apis - 2026-06-19T14:25:20.915Z
[HTTP] GET /api/heartbeats - 2026-06-19T14:25:20.924Z
[HTTP] GET /api/ssl - 2026-06-19T14:25:20.932Z
[HTTP] GET /api/tcp - 2026-06-19T14:25:20.940Z
[HTTP] GET /api/dns - 2026-06-19T14:25:21.036Z
[HTTP] GET /api/domains - 2026-06-19T14:25:21.478Z
[HTTP] GET /api/notifications/unread-count - 2026-06-19T14:25:21.787Z
[HTTP] GET /api/apis/6a354e0a475b4f75e7a800cf/stats - 2026-06-19T14:25:21.806Z
[HTTP] GET /api/apis/6a354e0a475b4f75e7a800cf/advanced-stats - 2026-06-19T14:25:21.818Z
[HTTP] GET /api/alert-channels/monitor/6a354e0a475b4f75e7a800cf - 2026-06-19T14:25:21.841Z
[HTTP] GET /api/notifications/unread-count - 2026-06-19T14:25:22.022Z
[HTTP] GET /api/alert-channels/monitor/6a354e0a475b4f75e7a800cf - 2026-06-19T14:25:22.038Z
[HTTP] GET /api/apis/6a354e0a475b4f75e7a800cf/advanced-stats - 2026-06-19T14:25:22.082Z
[HTTP] GET /api/apis/6a354e0a475b4f75e7a800cf/stats - 2026-06-19T14:25:22.504Z
[HTTP] GET /api/notifications/unread-count - 2026-06-19T14:26:21.783Z
[HTTP] GET /api/notifications/unread-count - 2026-06-19T14:27:22.155Z
[HTTP] GET /api/notifications/unread-count - 2026-06-19T14:28:22.161Z
[HTTP] GET /api/notifications/unread-count - 2026-06-19T14:29:22.164Z
[HTTP] GET /api/notifications/unread-count - 2026-06-19T14:30:21.771Z
[HTTP] PATCH /api/apis/6a354e0a475b4f75e7a800cf - 2026-06-19T14:30:22.672Z
[HTTP] PATCH /api/apis/699dd971aee6d6d7114db0e1/toggle - 2026-06-19T14:30:50.970Z
[HTTP] GET /api/apis/699dd971aee6d6d7114db0e1/stats - 2026-06-19T14:30:55.601Z
[HTTP] GET /api/apis/699dd971aee6d6d7114db0e1/advanced-stats - 2026-06-19T14:30:55.612Z
[HTTP] GET /api/alert-channels/monitor/699dd971aee6d6d7114db0e1 - 2026-06-19T14:30:55.619Z
[HTTP] GET /api/alert-channels/monitor/699dd971aee6d6d7114db0e1 - 2026-06-19T14:30:55.889Z
[HTTP] GET /api/apis/699dd971aee6d6d7114db0e1/advanced-stats - 2026-06-19T14:30:55.972Z
[HTTP] GET /api/apis/699dd971aee6d6d7114db0e1/stats - 2026-06-19T14:30:56.052Z
[HTTP] GET /api/notifications/unread-count - 2026-06-19T14:31:21.770Z
[HTTP] GET /api/notifications/unread-count - 2026-06-19T14:32:21.770Z
[HTTP] GET /api/notifications/unread-count - 2026-06-19T14:33:21.777Z
[HTTP] GET /api/notifications/unread-count - 2026-06-19T14:34:21.767Z
[HTTP] GET /api/notifications/unread-count - 2026-06-19T14:35:23.315Z
[HTTP] PATCH /api/apis/699dd971aee6d6d7114db0e1/toggle - 2026-06-19T14:35:24.077Z
[HTTP] GET /api/apis/6a354e0a475b4f75e7a800cf/stats - 2026-06-19T14:35:27.411Z
[HTTP] GET /api/apis/6a354e0a475b4f75e7a800cf/advanced-stats - 2026-06-19T14:35:27.419Z
[HTTP] GET /api/alert-channels/monitor/6a354e0a475b4f75e7a800cf - 2026-06-19T14:35:27.429Z
[HTTP] GET /api/apis/6a354e0a475b4f75e7a800cf/advanced-stats - 2026-06-19T14:35:27.799Z
[HTTP] GET /api/apis/6a354e0a475b4f75e7a800cf/stats - 2026-06-19T14:35:27.881Z
[HTTP] GET /api/alert-channels/monitor/6a354e0a475b4f75e7a800cf - 2026-06-19T14:35:28.002Z
[HTTP] GET /api/notifications/unread-count - 2026-06-19T14:36:22.164Z
[HTTP] PATCH /api/apis/6a354e0a475b4f75e7a800cf - 2026-06-19T14:36:42.129Z
[HTTP] GET /api/notifications/unread-count - 2026-06-19T14:37:23.375Z
[HTTP] GET /api/notifications/unread-count - 2026-06-19T14:39:06.007Z
[HTTP] GET /api/alert-channels - 2026-06-19T14:39:10.700Z
[HTTP] GET /api/alert-channels - 2026-06-19T14:39:11.101Z
[HTTP] GET /api/alert-channels - 2026-06-19T14:39:11.292Z
[HTTP] GET /api/alert-channels - 2026-06-19T14:39:11.501Z
[HTTP] GET /api/notifications/unread-count - 2026-06-19T14:39:22.156Z
[HTTP] GET /api/notifications/unread-count - 2026-06-19T14:40:22.369Z
[HTTP] GET /api/notifications/unread-count - 2026-06-19T14:42:10.188Z
[HTTP] GET /api/notifications/unread-count - 2026-06-19T14:42:25.481Z
[HTTP] GET /api/notifications/unread-count - 2026-06-19T14:43:21.768Z
[HTTP] GET /api/notifications/unread-count - 2026-06-19T14:44:22.269Z
[HTTP] GET /api/notifications/unread-count - 2026-06-19T14:45:22.873Z
[HTTP] GET /api/notifications/unread-count - 2026-06-19T14:46:24.102Z
[HTTP] GET /api/notifications/unread-count - 2026-06-19T14:47:22.304Z
[HTTP] GET /api/notifications/unread-count - 2026-06-19T14:48:22.154Z
[HTTP] PATCH /api/apis/6a354e0a475b4f75e7a800cf/toggle - 2026-06-19T14:49:09.653Z
[HTTP] GET /api/apis/6a354e0a475b4f75e7a800cf/stats - 2026-06-19T14:49:11.369Z
[HTTP] GET /api/apis/6a354e0a475b4f75e7a800cf/advanced-stats - 2026-06-19T14:49:11.393Z
[HTTP] GET /api/alert-channels/monitor/6a354e0a475b4f75e7a800cf - 2026-06-19T14:49:11.399Z
[HTTP] GET /api/alert-channels/monitor/6a354e0a475b4f75e7a800cf - 2026-06-19T14:49:11.827Z
[HTTP] GET /api/apis/6a354e0a475b4f75e7a800cf/advanced-stats - 2026-06-19T14:49:11.844Z
[HTTP] GET /api/apis/6a354e0a475b4f75e7a800cf/stats - 2026-06-19T14:49:12.017Z
[HTTP] GET /api/notifications/unread-count - 2026-06-19T14:49:21.774Z
[HTTP] DELETE /api/heartbeats/69c4baf32e730265ca1cdd5d - 2026-06-19T14:49:54.301Z
[HTTP] GET /api/apis/6a354e0a475b4f75e7a800cf/stats - 2026-06-19T14:50:19.574Z
[HTTP] GET /api/apis/6a354e0a475b4f75e7a800cf/advanced-stats - 2026-06-19T14:50:19.584Z
[HTTP] GET /api/alert-channels/monitor/6a354e0a475b4f75e7a800cf - 2026-06-19T14:50:19.592Z
[HTTP] GET /api/alert-channels/monitor/6a354e0a475b4f75e7a800cf - 2026-06-19T14:50:19.831Z
[HTTP] GET /api/apis/6a354e0a475b4f75e7a800cf/advanced-stats - 2026-06-19T14:50:19.884Z
[HTTP] GET /api/apis/6a354e0a475b4f75e7a800cf/stats - 2026-06-19T14:50:20.050Z
[HTTP] GET /api/notifications/unread-count - 2026-06-19T14:50:21.767Z
[HTTP] GET /api/notifications/unread-count - 2026-06-19T14:51:22.479Z
[HTTP] GET /api/notifications/unread-count - 2026-06-19T14:53:10.173Z
[HTTP] GET /api/notifications/unread-count - 2026-06-19T14:54:10.154Z
[HTTP] GET /api/notifications/unread-count - 2026-06-19T14:55:10.792Z
[HTTP] GET /api/notifications/unread-count - 2026-06-19T14:56:10.176Z
[HTTP] GET /api/notifications/unread-count - 2026-06-19T14:56:47.658Z
[HTTP] GET /api/alert-channels - 2026-06-19T14:56:58.618Z
[HTTP] GET /api/alert-channels - 2026-06-19T14:56:58.821Z
[HTTP] GET /api/notifications/unread-count - 2026-06-19T14:57:21.782Z
[HTTP] GET /api/notifications/unread-count - 2026-06-19T14:58:22.159Z
[HTTP] GET /api/notifications/unread-count - 2026-06-19T14:59:25.709Z
[HTTP] GET /api/alert-channels - 2026-06-19T14:59:27.686Z
[HTTP] GET /api/alert-channels - 2026-06-19T14:59:27.944Z
[HTTP] GET /api/notifications/unread-count - 2026-06-19T15:00:21.775Z
[HTTP] GET /api/notifications/unread-count - 2026-06-19T15:01:22.157Z
[HTTP] GET /api/notifications/unread-count - 2026-06-19T15:02:22.327Z
[HTTP] POST /api/heartbeats - 2026-06-19T15:02:30.880Z
[HTTP] GET /api/notifications/unread-count - 2026-06-19T15:03:22.153Z
[HTTP] GET /api/notifications/unread-count - 2026-06-19T15:04:22.158Z
[HTTP] GET /api/notifications/unread-count - 2026-06-19T15:05:22.160Z
[HTTP] GET /api/notifications/unread-count - 2026-06-19T15:06:39.824Z
[HTTP] GET /api/notifications/unread-count - 2026-06-19T15:07:21.779Z
[HTTP] GET /api/heartbeats/6a355a07c55c7e565b6e350f/stats - 2026-06-19T15:07:36.866Z
[HTTP] GET /api/alert-channels/monitor/6a355a07c55c7e565b6e350f - 2026-06-19T15:07:36.873Z
[HTTP] GET /api/alert-channels/monitor/6a355a07c55c7e565b6e350f - 2026-06-19T15:07:37.179Z
[HTTP] GET /api/heartbeats/6a355a07c55c7e565b6e350f/stats - 2026-06-19T15:07:37.356Z
[HTTP] GET /api/alert-channels - 2026-06-19T15:08:13.298Z
[HTTP] GET /api/alert-channels - 2026-06-19T15:08:13.547Z
[HTTP] GET /api/notifications/unread-count - 2026-06-19T15:08:21.774Z
[HTTP] GET /api/notifications/unread-count - 2026-06-19T15:09:22.153Z
[HTTP] GET /api/notifications/unread-count - 2026-06-19T15:10:57.753Z
[HTTP] GET /ping/a6c4d5fa186ee8a0/start - 2026-06-19T15:11:06.529Z
[HTTP] GET /api/notifications/unread-count - 2026-06-19T15:11:22.147Z
[HTTP] GET /api/notifications/unread-count - 2026-06-19T15:12:22.664Z
[HTTP] GET /api/notifications/unread-count - 2026-06-19T15:13:21.907Z
[HTTP] GET /api/notifications/unread-count - 2026-06-19T15:14:22.186Z
[HTTP] GET /api/notifications/unread-count - 2026-06-19T15:15:21.788Z
[HTTP] GET /api/heartbeats/6a355a07c55c7e565b6e350f/stats - 2026-06-19T15:15:41.631Z
[HTTP] GET /api/alert-channels/monitor/6a355a07c55c7e565b6e350f - 2026-06-19T15:15:41.647Z
[HTTP] GET /api/alert-channels/monitor/6a355a07c55c7e565b6e350f - 2026-06-19T15:15:41.926Z
[HTTP] GET /api/heartbeats/6a355a07c55c7e565b6e350f/stats - 2026-06-19T15:15:42.025Z
[HTTP] GET /api/notifications/unread-count - 2026-06-19T15:16:23.109Z
[HTTP] GET /api/notifications/unread-count - 2026-06-19T15:18:10.161Z
[HTTP] GET /api/notifications/unread-count - 2026-06-19T15:19:10.686Z
[HTTP] GET /api/notifications/unread-count - 2026-06-19T15:20:10.179Z
[HTTP] GET /api/notifications/unread-count - 2026-06-19T15:21:11.267Z
[HTTP] GET /api/notifications/unread-count - 2026-06-19T15:22:10.161Z
[HTTP] GET /api/notifications/unread-count - 2026-06-19T15:23:10.161Z
[HTTP] GET /api/notifications/unread-count - 2026-06-19T15:24:10.207Z
[HTTP] GET /api/notifications/unread-count - 2026-06-19T15:25:10.158Z
[HTTP] GET /api/notifications/unread-count - 2026-06-19T15:26:10.171Z
[HTTP] GET /api/notifications/unread-count - 2026-06-19T15:27:10.209Z
[HTTP] GET /api/notifications/unread-count - 2026-06-19T15:27:40.438Z
[HTTP] GET /api/notifications/unread-count - 2026-06-19T15:28:22.155Z
[HTTP] GET /api/notifications/unread-count - 2026-06-19T15:29:21.770Z
[HTTP] GET /api/alert-channels - 2026-06-19T15:29:21.913Z
[HTTP] GET /api/alert-channels - 2026-06-19T15:29:22.110Z
[HTTP] GET /api/notifications/unread-count - 2026-06-19T15:30:22.148Z
[HTTP] GET /api/notifications/unread-count - 2026-06-19T16:19:07.084Z
[HTTP] GET /api/auth/me - 2026-06-19T16:19:28.604Z
[HTTP] GET /api/heartbeats - 2026-06-19T16:19:28.727Z
[HTTP] GET /api/apis - 2026-06-19T16:19:28.740Z
[HTTP] GET /api/ssl - 2026-06-19T16:19:28.750Z
[HTTP] GET /api/dns - 2026-06-19T16:19:28.759Z
[HTTP] GET /api/tcp - 2026-06-19T16:19:28.870Z
[HTTP] GET /api/domains - 2026-06-19T16:19:29.392Z
[HTTP] GET /api/notifications/unread-count - 2026-06-19T16:19:30.280Z
[HTTP] GET /api/notifications/unread-count - 2026-06-19T16:19:30.509Z
[HTTP] GET /api/notifications/unread-count - 2026-06-19T16:20:31.150Z
[HTTP] GET /api/notifications/unread-count - 2026-06-19T16:21:31.153Z
[HTTP] GET /api/notifications/unread-count - 2026-06-19T16:22:31.154Z
[HTTP] GET /api/notifications/unread-count - 2026-06-19T16:23:31.154Z
[HTTP] GET /api/notifications/unread-count - 2026-06-19T16:24:31.155Z
[HTTP] GET /api/notifications/unread-count - 2026-06-19T16:25:31.152Z
[HTTP] GET /api/notifications/unread-count - 2026-06-19T16:27:10.151Z
[HTTP] GET /api/notifications/unread-count - 2026-06-19T16:28:10.156Z
[HTTP] GET /api/notifications/unread-count - 2026-06-19T16:29:10.156Z
[HTTP] GET /api/notifications/unread-count - 2026-06-19T16:30:10.169Z
[HTTP] GET /api/notifications/unread-count - 2026-06-19T16:31:10.159Z
[HTTP] GET /api/notifications/unread-count - 2026-06-19T16:32:10.152Z
[HTTP] GET /api/notifications/unread-count - 2026-06-19T16:33:10.151Z
[HTTP] GET /api/notifications/unread-count - 2026-06-19T16:34:10.150Z
[HTTP] GET /api/notifications/unread-count - 2026-06-19T16:35:10.152Z
[HTTP] GET /api/notifications/unread-count - 2026-06-19T16:36:10.162Z
[HTTP] GET /api/notifications/unread-count - 2026-06-19T16:37:10.170Z
[HTTP] GET /api/notifications/unread-count - 2026-06-19T16:38:10.156Z
[HTTP] GET /api/notifications/unread-count - 2026-06-19T16:39:10.159Z
[HTTP] GET /api/notifications/unread-count - 2026-06-19T16:40:10.163Z
[HTTP] GET /api/notifications/unread-count - 2026-06-19T16:41:10.151Z
[HTTP] GET /api/notifications/unread-count - 2026-06-19T16:42:10.156Z
[HTTP] GET /api/notifications/unread-count - 2026-06-19T16:43:10.165Z
[HTTP] GET /api/notifications/unread-count - 2026-06-19T16:44:10.152Z
[HTTP] GET /api/notifications/unread-count - 2026-06-19T16:45:10.165Z
[HTTP] GET /api/notifications/unread-count - 2026-06-19T16:46:10.148Z
[HTTP] GET /api/notifications/unread-count - 2026-06-19T16:47:10.145Z
[HTTP] GET /api/notifications/unread-count - 2026-06-19T16:48:10.153Z
[HTTP] GET /api/notifications/unread-count - 2026-06-19T16:49:10.150Z
[HTTP] GET /api/notifications/unread-count - 2026-06-19T16:50:10.155Z
[HTTP] GET /api/notifications/unread-count - 2026-06-19T16:51:10.147Z
[HTTP] GET /api/notifications/unread-count - 2026-06-19T16:52:10.156Z
[HTTP] GET /api/notifications/unread-count - 2026-06-19T16:53:10.158Z
[HTTP] GET /api/notifications/unread-count - 2026-06-19T16:54:10.156Z
[HTTP] GET /api/notifications/unread-count - 2026-06-19T16:55:10.155Z
[HTTP] GET /api/notifications/unread-count - 2026-06-19T16:56:10.188Z
[HTTP] GET /api/notifications/unread-count - 2026-06-19T16:57:10.296Z
[HTTP] GET /api/notifications/unread-count - 2026-06-19T16:58:10.163Z
[HTTP] GET /api/notifications/unread-count - 2026-06-19T16:59:10.188Z
[HTTP] GET /api/notifications/unread-count - 2026-06-19T17:00:10.652Z
[HTTP] GET /api/notifications/unread-count - 2026-06-19T17:01:13.347Z
[HTTP] GET /api/notifications/unread-count - 2026-06-19T17:02:10.357Z
[HTTP] GET /api/notifications/unread-count - 2026-06-19T17:03:11.828Z
[HTTP] GET /api/notifications/unread-count - 2026-06-19T17:04:14.438Z
[HTTP] GET /api/notifications/unread-count - 2026-06-19T17:05:14.983Z
[HTTP] GET /api/notifications/unread-count - 2026-06-19T17:06:11.266Z
[HTTP] GET /api/notifications/unread-count - 2026-06-19T17:07:10.380Z
[HTTP] GET /api/notifications/unread-count - 2026-06-19T17:08:10.162Z
[HTTP] GET /api/notifications/unread-count - 2026-06-19T17:09:10.190Z
[HTTP] GET /api/notifications/unread-count - 2026-06-19T17:10:18.141Z
[HTTP] GET /api/notifications/unread-count - 2026-06-19T17:11:10.270Z
[HTTP] GET /api/notifications/unread-count - 2026-06-19T17:12:10.164Z
[HTTP] GET /api/notifications/unread-count - 2026-06-19T17:13:10.158Z
[HTTP] GET /api/notifications/unread-count - 2026-06-19T17:14:17.588Z
[HTTP] GET /api/notifications/unread-count - 2026-06-19T17:15:19.047Z
[HTTP] GET /api/notifications/unread-count - 2026-06-19T17:16:10.172Z
[HTTP] GET /api/notifications/unread-count - 2026-06-19T17:17:10.491Z
[HTTP] GET /api/notifications/unread-count - 2026-06-19T17:18:11.871Z
[HTTP] GET /api/notifications/unread-count - 2026-06-19T17:19:13.589Z
[HTTP] GET /api/notifications/unread-count - 2026-06-19T17:20:14.586Z
[HTTP] GET /api/notifications/unread-count - 2026-06-19T17:21:13.690Z
[HTTP] GET /api/notifications/unread-count - 2026-06-19T17:22:15.085Z
[HTTP] GET /api/notifications/unread-count - 2026-06-19T17:23:10.190Z
[HTTP] GET /api/notifications/unread-count - 2026-06-19T17:24:10.254Z
[HTTP] GET /api/notifications/unread-count - 2026-06-19T17:25:11.132Z
[HTTP] GET /api/notifications/unread-count - 2026-06-19T17:26:12.187Z
[HTTP] GET /api/notifications/unread-count - 2026-06-19T17:27:11.970Z
[HTTP] GET /api/notifications/unread-count - 2026-06-19T17:28:11.544Z
[HTTP] GET /api/notifications/unread-count - 2026-06-19T17:29:10.178Z
[HTTP] GET /api/notifications/unread-count - 2026-06-19T17:30:10.283Z
[HTTP] GET /api/notifications/unread-count - 2026-06-19T17:31:17.030Z
[HTTP] GET /api/notifications/unread-count - 2026-06-19T17:32:10.263Z
[HTTP] GET /api/notifications/unread-count - 2026-06-19T17:33:10.183Z
[HTTP] GET /api/notifications/unread-count - 2026-06-19T17:34:10.186Z
[HTTP] GET /api/notifications/unread-count - 2026-06-19T17:35:10.194Z
[HTTP] GET /api/notifications/unread-count - 2026-06-19T17:36:13.538Z
[HTTP] GET /api/notifications/unread-count - 2026-06-19T17:37:10.187Z
[HTTP] GET /api/notifications/unread-count - 2026-06-19T17:38:10.163Z
[HTTP] GET /api/notifications/unread-count - 2026-06-19T17:39:10.160Z
[HTTP] GET /api/notifications/unread-count - 2026-06-19T17:40:10.159Z
[HTTP] GET /api/notifications/unread-count - 2026-06-19T17:41:17.263Z
[HTTP] GET /api/notifications/unread-count - 2026-06-19T17:42:10.153Z
[HTTP] GET /api/notifications/unread-count - 2026-06-19T17:43:10.164Z
[HTTP] GET /api/notifications/unread-count - 2026-06-19T17:44:10.362Z
[HTTP] GET /api/notifications/unread-count - 2026-06-19T17:45:10.314Z
[HTTP] GET /api/notifications/unread-count - 2026-06-19T17:46:10.239Z
[HTTP] GET /api/notifications/unread-count - 2026-06-19T17:47:10.446Z
[HTTP] GET /api/notifications/unread-count - 2026-06-19T17:48:10.862Z
[HTTP] GET /api/notifications/unread-count - 2026-06-19T17:49:10.163Z
[HTTP] GET /api/notifications/unread-count - 2026-06-19T17:50:10.181Z
[HTTP] GET /api/notifications/unread-count - 2026-06-19T17:51:10.404Z
[HTTP] GET /api/notifications/unread-count - 2026-06-19T17:55:55.194Z
[HTTP] GET /api/notifications/unread-count - 2026-06-19T17:57:10.155Z
[HTTP] GET /api/notifications/unread-count - 2026-06-19T17:58:10.164Z
[HTTP] GET /api/notifications/unread-count - 2026-06-19T17:59:10.167Z
[HTTP] GET /api/notifications/unread-count - 2026-06-19T18:00:10.154Z
[HTTP] GET /api/notifications/unread-count - 2026-06-19T18:01:10.163Z
[HTTP] GET /api/notifications/unread-count - 2026-06-19T18:02:10.149Z
[HTTP] GET /api/notifications/unread-count - 2026-06-19T18:03:10.151Z
[HTTP] GET /api/notifications/unread-count - 2026-06-19T18:04:10.153Z
[HTTP] GET /api/notifications/unread-count - 2026-06-19T18:05:10.149Z
[HTTP] GET /api/notifications/unread-count - 2026-06-19T18:06:10.167Z
[HTTP] GET /api/notifications/unread-count - 2026-06-19T18:07:10.149Z
[HTTP] GET /api/notifications/unread-count - 2026-06-19T18:08:10.165Z
[HTTP] GET /api/notifications/unread-count - 2026-06-19T18:09:10.157Z
[HTTP] GET /api/notifications/unread-count - 2026-06-19T18:10:10.155Z
[HTTP] GET /api/notifications/unread-count - 2026-06-19T18:11:10.149Z
[HTTP] GET /api/notifications/unread-count - 2026-06-19T18:12:10.156Z
[HTTP] GET /api/notifications/unread-count - 2026-06-19T18:13:10.159Z
[HTTP] GET /api/notifications/unread-count - 2026-06-19T18:14:10.156Z
[HTTP] GET /api/notifications/unread-count - 2026-06-19T18:15:10.157Z
[HTTP] GET /api/notifications/unread-count - 2026-06-19T18:16:10.156Z
[HTTP] GET /api/notifications/unread-count - 2026-06-19T18:17:10.152Z
[HTTP] GET /api/notifications/unread-count - 2026-06-19T18:18:10.146Z
[HTTP] GET /api/notifications/unread-count - 2026-06-19T18:19:10.151Z
[HTTP] GET /api/notifications/unread-count - 2026-06-19T18:20:10.160Z
[HTTP] GET /api/notifications/unread-count - 2026-06-19T18:21:10.158Z
[HTTP] GET /api/notifications/unread-count - 2026-06-19T18:22:10.165Z
[HTTP] GET /api/notifications/unread-count - 2026-06-19T18:23:10.167Z
[HTTP] GET /api/notifications/unread-count - 2026-06-19T18:24:10.146Z
[HTTP] GET /api/notifications/unread-count - 2026-06-19T18:25:10.161Z
[HTTP] GET /api/notifications/unread-count - 2026-06-19T18:26:10.161Z
[HTTP] GET /api/notifications/unread-count - 2026-06-19T18:27:10.162Z
[HTTP] GET /api/notifications/unread-count - 2026-06-19T18:28:10.152Z
[HTTP] GET /api/notifications/unread-count - 2026-06-19T18:29:10.158Z
[HTTP] GET /api/notifications/unread-count - 2026-06-19T18:30:10.148Z
[HTTP] GET /api/notifications/unread-count - 2026-06-19T18:31:10.148Z
[HTTP] GET /api/notifications/unread-count - 2026-06-19T18:32:10.154Z
[HTTP] GET /api/notifications/unread-count - 2026-06-19T18:33:10.161Z
[HTTP] GET /api/notifications/unread-count - 2026-06-19T18:34:10.156Z
[HTTP] GET /api/notifications/unread-count - 2026-06-19T18:35:10.150Z
[HTTP] GET /api/notifications/unread-count - 2026-06-19T18:36:10.156Z
[HTTP] GET /api/notifications/unread-count - 2026-06-19T18:37:10.146Z
[HTTP] GET /api/notifications/unread-count - 2026-06-19T18:38:10.157Z
[HTTP] GET /api/notifications/unread-count - 2026-06-19T18:39:10.162Z
[HTTP] GET /api/notifications/unread-count - 2026-06-19T18:40:10.151Z
[HTTP] GET /api/notifications/unread-count - 2026-06-19T18:41:10.147Z
[HTTP] GET /api/notifications/unread-count - 2026-06-19T18:42:10.165Z
[HTTP] GET /api/notifications/unread-count - 2026-06-19T18:43:10.161Z
[HTTP] GET /api/notifications/unread-count - 2026-06-19T18:44:10.165Z
[HTTP] GET /api/notifications/unread-count - 2026-06-19T18:45:10.166Z
[HTTP] GET /api/notifications/unread-count - 2026-06-19T18:46:10.162Z
[HTTP] GET /api/notifications/unread-count - 2026-06-19T18:47:10.152Z
[HTTP] GET /api/notifications/unread-count - 2026-06-19T18:48:10.152Z
[HTTP] GET /api/notifications/unread-count - 2026-06-19T18:49:10.159Z
[HTTP] GET /api/notifications/unread-count - 2026-06-19T18:50:10.152Z
[HTTP] GET /api/notifications/unread-count - 2026-06-19T18:51:10.164Z
[HTTP] GET /api/notifications/unread-count - 2026-06-19T18:52:12.035Z
[HTTP] GET /api/notifications/unread-count - 2026-06-19T18:53:11.614Z
[HTTP] GET /api/notifications/unread-count - 2026-06-19T18:55:19.891Z
[HTTP] GET /api/notifications/unread-count - 2026-06-19T18:57:02.586Z
[HTTP] GET /api/notifications/unread-count - 2026-06-19T18:58:01.868Z
[HTTP] GET /api/notifications/unread-count - 2026-06-19T18:59:01.756Z
[HTTP] GET /api/notifications/unread-count - 2026-06-19T19:00:01.773Z
[HTTP] GET /api/notifications/unread-count - 2026-06-19T19:01:07.965Z
[HTTP] GET /api/notifications/unread-count - 2026-06-19T19:02:01.769Z
[HTTP] GET /api/notifications/unread-count - 2026-06-19T19:03:04.943Z
[HTTP] GET /api/notifications/unread-count - 2026-06-19T19:04:01.771Z
[HTTP] GET /api/notifications/unread-count - 2026-06-19T19:05:05.380Z
[HTTP] GET /api/notifications/unread-count - 2026-06-19T19:06:02.554Z
[HTTP] GET /api/notifications/unread-count - 2026-06-19T19:07:01.949Z
[HTTP] GET /api/notifications/unread-count - 2026-06-19T19:08:03.160Z
[HTTP] GET /api/notifications/unread-count - 2026-06-19T19:09:02.252Z
[HTTP] GET /api/notifications/unread-count - 2026-06-19T19:10:01.764Z
[HTTP] GET /api/notifications/unread-count - 2026-06-19T19:11:01.769Z
[HTTP] GET /api/notifications/unread-count - 2026-06-19T19:12:02.709Z
[HTTP] GET /api/notifications/unread-count - 2026-06-19T19:13:01.775Z
[HTTP] GET /api/notifications/unread-count - 2026-06-19T19:14:01.773Z
[HTTP] GET /api/notifications/unread-count - 2026-06-19T19:15:13.233Z
[HTTP] GET /api/notifications/unread-count - 2026-06-19T19:16:01.844Z
[HTTP] GET /api/notifications/unread-count - 2026-06-19T19:17:01.987Z
[HTTP] GET /api/notifications/unread-count - 2026-06-19T19:18:01.980Z
[HTTP] GET /api/notifications/unread-count - 2026-06-19T19:19:04.308Z
[HTTP] GET /api/notifications/unread-count - 2026-06-19T19:20:01.818Z
[HTTP] GET /api/notifications/unread-count - 2026-06-19T19:21:01.953Z
[HTTP] GET /api/notifications/unread-count - 2026-06-19T19:22:03.180Z
[HTTP] GET /api/notifications/unread-count - 2026-06-19T19:23:03.477Z
[HTTP] GET /api/notifications/unread-count - 2026-06-19T19:24:02.025Z
[HTTP] GET /api/notifications/unread-count - 2026-06-19T19:25:03.095Z
[HTTP] GET /api/notifications/unread-count - 2026-06-19T19:26:02.877Z
[HTTP] GET /api/notifications/unread-count - 2026-06-19T19:27:03.928Z
[HTTP] GET /api/notifications/unread-count - 2026-06-19T19:28:07.391Z
[HTTP] GET /api/notifications/unread-count - 2026-06-19T19:29:02.723Z
[HTTP] GET /api/notifications/unread-count - 2026-06-19T19:30:09.231Z
[HTTP] GET /api/notifications/unread-count - 2026-06-19T19:31:01.910Z
[HTTP] GET /api/notifications/unread-count - 2026-06-19T19:32:03.325Z
[HTTP] GET /api/notifications/unread-count - 2026-06-19T19:33:01.768Z
[HTTP] GET /api/notifications/unread-count - 2026-06-19T19:34:03.186Z
[HTTP] GET /api/notifications/unread-count - 2026-06-19T19:35:02.051Z
[HTTP] GET /api/notifications/unread-count - 2026-06-19T19:36:02.427Z
[HTTP] GET /api/notifications/unread-count - 2026-06-19T19:37:02.276Z
[HTTP] GET /api/notifications/unread-count - 2026-06-19T19:38:03.178Z
[HTTP] GET /api/notifications/unread-count - 2026-06-19T19:39:01.775Z
[HTTP] GET /api/notifications/unread-count - 2026-06-19T19:40:04.257Z
[HTTP] GET /api/notifications/unread-count - 2026-06-19T19:41:02.058Z
[HTTP] GET /api/notifications/unread-count - 2026-06-19T19:42:09.977Z
[HTTP] GET /api/notifications/unread-count - 2026-06-19T19:43:01.855Z
[HTTP] GET /api/notifications/unread-count - 2026-06-19T19:44:02.009Z
[HTTP] GET /api/notifications/unread-count - 2026-06-19T19:45:02.174Z
[HTTP] GET /api/notifications/unread-count - 2026-06-19T19:46:01.768Z
[HTTP] GET /api/notifications/unread-count - 2026-06-19T19:47:02.005Z
[HTTP] GET /api/notifications/unread-count - 2026-06-19T19:48:02.042Z
[HTTP] GET /api/notifications/unread-count - 2026-06-19T19:49:02.176Z
[HTTP] GET /api/notifications/unread-count - 2026-06-19T19:50:03.420Z
[HTTP] GET /api/notifications/unread-count - 2026-06-19T19:51:01.770Z
[HTTP] GET /api/notifications/unread-count - 2026-06-19T19:52:01.768Z
[HTTP] GET /api/notifications/unread-count - 2026-06-19T19:53:01.787Z
[HTTP] GET /api/notifications/unread-count - 2026-06-19T19:54:08.448Z
[HTTP] GET /api/notifications/unread-count - 2026-06-19T19:55:01.764Z
[HTTP] GET /api/notifications/unread-count - 2026-06-19T19:56:01.769Z
[HTTP] GET /api/notifications/unread-count - 2026-06-19T19:57:08.343Z
[HTTP] GET /api/notifications/unread-count - 2026-06-19T19:58:01.762Z
[HTTP] GET /api/notifications/unread-count - 2026-06-19T19:59:01.757Z
[HTTP] GET /api/notifications/unread-count - 2026-06-19T20:00:01.752Z
[HTTP] GET /api/notifications/unread-count - 2026-06-19T20:01:01.767Z
[HTTP] GET /api/notifications/unread-count - 2026-06-19T20:02:01.764Z
[HTTP] GET /api/notifications/unread-count - 2026-06-19T20:03:01.777Z
[HTTP] GET /api/notifications/unread-count - 2026-06-19T20:04:01.769Z
[HTTP] GET /api/notifications/unread-count - 2026-06-19T20:05:01.758Z
[HTTP] GET /api/notifications/unread-count - 2026-06-19T20:06:01.772Z
[HTTP] GET /api/notifications/unread-count - 2026-06-19T20:07:01.775Z
[HTTP] GET /api/notifications/unread-count - 2026-06-19T20:08:01.766Z
[HTTP] GET /api/notifications/unread-count - 2026-06-19T20:09:01.762Z
[HTTP] GET /api/notifications/unread-count - 2026-06-19T20:10:01.761Z
[HTTP] GET /api/notifications/unread-count - 2026-06-19T20:11:01.765Z
[HTTP] GET /api/notifications/unread-count - 2026-06-19T20:12:01.763Z
[HTTP] GET /api/notifications/unread-count - 2026-06-19T20:13:01.771Z
[HTTP] GET /api/notifications/unread-count - 2026-06-19T20:14:01.777Z
[HTTP] GET /api/notifications/unread-count - 2026-06-19T20:15:01.762Z
[HTTP] GET /api/notifications/unread-count - 2026-06-19T20:16:01.752Z
[HTTP] GET /api/notifications/unread-count - 2026-06-19T20:17:01.763Z
[HTTP] GET /api/notifications/unread-count - 2026-06-19T20:18:01.757Z
[HTTP] GET /api/notifications/unread-count - 2026-06-19T20:19:01.765Z
[HTTP] GET /api/notifications/unread-count - 2026-06-19T20:20:01.773Z
[HTTP] GET /api/notifications/unread-count - 2026-06-19T20:21:01.766Z
[HTTP] GET /api/notifications/unread-count - 2026-06-19T20:22:01.765Z
[HTTP] GET /api/notifications/unread-count - 2026-06-19T20:23:01.765Z
[HTTP] GET /api/notifications/unread-count - 2026-06-19T20:24:01.761Z
[HTTP] GET /api/notifications/unread-count - 2026-06-19T20:25:01.764Z
[HTTP] GET /api/notifications/unread-count - 2026-06-19T20:26:01.764Z
[HTTP] GET /api/notifications/unread-count - 2026-06-19T20:27:01.774Z
[HTTP] GET /api/notifications/unread-count - 2026-06-19T20:28:01.772Z
[HTTP] GET /api/notifications/unread-count - 2026-06-19T20:29:01.757Z
[HTTP] GET /api/notifications/unread-count - 2026-06-19T20:30:01.759Z
[HTTP] GET /api/notifications/unread-count - 2026-06-19T20:31:01.767Z
[HTTP] GET /api/notifications/unread-count - 2026-06-19T20:32:01.759Z
[HTTP] GET /api/notifications/unread-count - 2026-06-19T20:33:01.762Z
[HTTP] GET /api/notifications/unread-count - 2026-06-19T20:34:01.777Z
[HTTP] GET /api/notifications/unread-count - 2026-06-19T20:35:01.768Z
[HTTP] GET /api/notifications/unread-count - 2026-06-19T20:36:01.771Z
[HTTP] GET /api/notifications/unread-count - 2026-06-19T20:37:01.770Z
[HTTP] GET /api/notifications/unread-count - 2026-06-19T20:38:01.774Z
[HTTP] GET /api/notifications/unread-count - 2026-06-19T20:39:01.772Z
[HTTP] GET /api/notifications/unread-count - 2026-06-19T20:40:01.766Z
[HTTP] GET /api/notifications/unread-count - 2026-06-19T20:41:01.767Z
[HTTP] GET /api/notifications/unread-count - 2026-06-19T20:42:01.777Z
[HTTP] GET /api/notifications/unread-count - 2026-06-19T20:43:01.769Z
[HTTP] GET /api/notifications/unread-count - 2026-06-19T20:46:26.813Z
[HTTP] PATCH /api/heartbeats/6a355a07c55c7e565b6e350f/toggle - 2026-06-19T20:47:51.905Z
[HTTP] GET /api/auth/me - 2026-06-20T05:18:07.218Z
[HTTP] GET /api/heartbeats - 2026-06-20T05:18:07.515Z
[HTTP] GET /api/dns - 2026-06-20T05:18:07.548Z
[HTTP] GET /api/ssl - 2026-06-20T05:18:07.586Z
[HTTP] GET /api/tcp - 2026-06-20T05:18:07.644Z
[HTTP] GET /api/domains - 2026-06-20T05:18:07.780Z
[HTTP] GET /api/apis - 2026-06-20T05:18:08.225Z
[HTTP] POST /api/auth/login - 2026-06-20T05:18:27.364Z
[HTTP] GET /api/tcp - 2026-06-20T05:18:28.579Z
[HTTP] GET /api/dns - 2026-06-20T05:18:28.651Z
[HTTP] GET /api/domains - 2026-06-20T05:18:28.695Z
[HTTP] GET /api/notifications/unread-count - 2026-06-20T05:18:37.474Z
[HTTP] GET /api/notifications/unread-count - 2026-06-20T05:18:37.668Z
[HTTP] GET /api/ssl - 2026-06-20T05:19:29.346Z
[HTTP] GET /api/ssl - 2026-06-20T05:19:29.917Z
[HTTP] GET /api/notifications/unread-count - 2026-06-20T05:19:37.455Z
[HTTP] GET /api/notifications/unread-count - 2026-06-20T05:20:41.108Z
[HTTP] GET /api/notifications/unread-count - 2026-06-20T05:21:38.451Z
[HTTP] GET /api/notifications/unread-count - 2026-06-20T05:22:37.924Z
[HTTP] GET /api/alert-channels - 2026-06-20T05:22:39.830Z
[HTTP] GET /api/alert-channels - 2026-06-20T05:22:40.488Z
[HTTP] GET /api/notifications/unread-count - 2026-06-20T05:23:39.551Z
[HTTP] DELETE /api/ssl/69b445efc6514a07bf88923c - 2026-06-20T05:24:34.751Z
[HTTP] GET /api/alert-channels - 2026-06-20T05:24:37.074Z
[HTTP] GET /api/notifications/unread-count - 2026-06-20T05:24:37.442Z
[HTTP] GET /api/alert-channels - 2026-06-20T05:24:37.733Z
[HTTP] POST /api/ssl - 2026-06-20T05:25:16.129Z
[HTTP] GET /api/ssl - 2026-06-20T05:25:20.920Z
[HTTP] GET /api/ssl/6a36243ca161f0e7b14bd5fc - 2026-06-20T05:25:33.500Z
[HTTP] GET /api/alert-channels/monitor/6a36243ca161f0e7b14bd5fc - 2026-06-20T05:25:33.504Z
[HTTP] GET /api/ssl/6a36243ca161f0e7b14bd5fc - 2026-06-20T05:25:33.696Z
[HTTP] GET /api/alert-channels/monitor/6a36243ca161f0e7b14bd5fc - 2026-06-20T05:25:33.703Z
[HTTP] GET /api/notifications/unread-count - 2026-06-20T05:25:37.455Z
[HTTP] GET /api/ssl - 2026-06-20T05:26:10.549Z
[HTTP] GET /api/ssl - 2026-06-20T05:26:10.958Z
[HTTP] GET /api/alert-channels - 2026-06-20T05:26:12.633Z
[HTTP] GET /api/alert-channels - 2026-06-20T05:26:12.998Z
[HTTP] POST /api/ssl - 2026-06-20T05:26:31.080Z
[HTTP] GET /api/ssl - 2026-06-20T05:26:35.884Z
[HTTP] GET /api/notifications/unread-count - 2026-06-20T05:26:37.441Z
[HTTP] GET /api/ssl/6a362487a161f0e7b14bd633 - 2026-06-20T05:26:48.542Z
[HTTP] GET /api/alert-channels/monitor/6a362487a161f0e7b14bd633 - 2026-06-20T05:26:48.578Z
[HTTP] GET /api/ssl/6a362487a161f0e7b14bd633 - 2026-06-20T05:26:48.763Z
[HTTP] GET /api/alert-channels/monitor/6a362487a161f0e7b14bd633 - 2026-06-20T05:26:48.816Z
[HTTP] GET /api/ssl - 2026-06-20T05:26:56.693Z
[HTTP] GET /api/ssl - 2026-06-20T05:26:57.257Z
[HTTP] PATCH /api/ssl/6a362487a161f0e7b14bd633/toggle - 2026-06-20T05:27:04.960Z
[HTTP] GET /api/ssl/6a362487a161f0e7b14bd633 - 2026-06-20T05:27:08.608Z
[HTTP] GET /api/alert-channels/monitor/6a362487a161f0e7b14bd633 - 2026-06-20T05:27:08.613Z
[HTTP] GET /api/alert-channels/monitor/6a362487a161f0e7b14bd633 - 2026-06-20T05:27:08.840Z
[HTTP] GET /api/ssl/6a362487a161f0e7b14bd633 - 2026-06-20T05:27:08.851Z
[HTTP] PATCH /api/ssl/6a362487a161f0e7b14bd633/toggle - 2026-06-20T05:27:11.721Z
[HTTP] GET /api/ssl - 2026-06-20T05:27:12.959Z
[HTTP] GET /api/ssl - 2026-06-20T05:27:13.382Z
[HTTP] PATCH /api/ssl/6a362487a161f0e7b14bd633/toggle - 2026-06-20T05:27:18.342Z
[HTTP] GET /api/notifications/unread-count - 2026-06-20T05:27:37.572Z
[HTTP] GET /api/notifications/unread-count - 2026-06-20T05:28:54.491Z
[HTTP] GET /api/notifications/unread-count - 2026-06-20T05:29:54.559Z
[HTTP] GET /api/notifications/unread-count - 2026-06-20T05:30:54.447Z
[HTTP] GET /api/notifications/unread-count - 2026-06-20T05:31:54.449Z
[HTTP] GET /api/notifications/unread-count - 2026-06-20T05:32:54.442Z
[HTTP] GET /api/notifications/unread-count - 2026-06-20T05:33:54.611Z
[HTTP] GET /api/notifications/unread-count - 2026-06-20T05:34:54.456Z
[HTTP] GET /api/notifications/unread-count - 2026-06-20T05:35:55.204Z
[HTTP] GET /api/notifications/unread-count - 2026-06-20T05:36:54.441Z
[HTTP] GET /api/notifications/unread-count - 2026-06-20T05:37:54.460Z
[HTTP] GET /api/notifications/unread-count - 2026-06-20T05:38:54.455Z
[HTTP] GET /api/notifications/unread-count - 2026-06-20T05:39:54.456Z
[HTTP] GET /api/notifications/unread-count - 2026-06-20T05:40:54.451Z
[HTTP] GET /api/notifications/unread-count - 2026-06-20T05:41:54.486Z
[HTTP] GET /api/notifications/unread-count - 2026-06-20T05:42:54.452Z
[HTTP] GET /api/notifications/unread-count - 2026-06-20T05:43:54.458Z
[HTTP] GET /api/notifications/unread-count - 2026-06-20T05:44:54.454Z
[HTTP] GET /api/notifications/unread-count - 2026-06-20T05:45:54.445Z
[HTTP] GET /api/notifications/unread-count - 2026-06-20T05:46:54.445Z
[HTTP] GET /api/notifications/unread-count - 2026-06-20T05:47:54.451Z
[HTTP] GET /api/notifications/unread-count - 2026-06-20T05:48:54.453Z
[HTTP] GET /api/notifications/unread-count - 2026-06-20T05:49:54.453Z
[HTTP] GET /api/notifications/unread-count - 2026-06-20T05:50:54.443Z
[HTTP] GET /api/notifications/unread-count - 2026-06-20T05:51:54.443Z
[HTTP] GET /api/notifications/unread-count - 2026-06-20T05:52:54.451Z
[HTTP] GET /api/notifications/unread-count - 2026-06-20T05:53:54.451Z
[HTTP] GET /api/notifications/unread-count - 2026-06-20T05:54:54.454Z
[HTTP] GET /api/notifications/unread-count - 2026-06-20T05:55:54.463Z
[HTTP] GET /api/notifications/unread-count - 2026-06-20T05:56:54.449Z
[HTTP] GET /api/notifications/unread-count - 2026-06-20T05:57:54.453Z
[HTTP] GET /api/notifications/unread-count - 2026-06-20T05:58:54.465Z
[HTTP] GET /api/notifications/unread-count - 2026-06-20T05:59:54.452Z
[HTTP] GET /api/notifications/unread-count - 2026-06-20T06:00:54.506Z
[HTTP] GET /api/notifications/unread-count - 2026-06-20T06:01:54.456Z
[HTTP] GET /api/notifications/unread-count - 2026-06-20T06:02:54.449Z
[HTTP] GET /api/notifications/unread-count - 2026-06-20T06:03:54.441Z
[HTTP] GET /api/notifications/unread-count - 2026-06-20T06:04:54.439Z
[HTTP] GET /api/notifications/unread-count - 2026-06-20T06:05:54.454Z
[HTTP] GET /api/notifications/unread-count - 2026-06-20T06:06:54.456Z
[HTTP] GET /api/notifications/unread-count - 2026-06-20T06:07:55.434Z
[HTTP] GET /api/notifications/unread-count - 2026-06-20T06:08:54.458Z
[HTTP] GET /api/notifications/unread-count - 2026-06-20T06:09:54.539Z
[HTTP] GET /api/notifications/unread-count - 2026-06-20T06:10:54.616Z
[HTTP] GET /api/notifications/unread-count - 2026-06-20T06:11:54.443Z
[HTTP] GET /api/notifications/unread-count - 2026-06-20T06:12:54.447Z
[HTTP] GET /api/notifications/unread-count - 2026-06-20T06:13:54.522Z
[HTTP] GET /api/notifications/unread-count - 2026-06-20T06:14:54.526Z
[HTTP] GET /api/notifications/unread-count - 2026-06-20T06:15:54.820Z
[HTTP] GET /api/notifications/unread-count - 2026-06-20T06:16:55.026Z
[HTTP] GET /api/notifications/unread-count - 2026-06-20T06:17:54.441Z
[HTTP] GET /api/notifications/unread-count - 2026-06-20T06:18:54.454Z
[HTTP] GET /api/notifications/unread-count - 2026-06-20T06:19:54.453Z
[HTTP] GET /api/notifications/unread-count - 2026-06-20T06:20:54.470Z
[HTTP] GET /api/notifications/unread-count - 2026-06-20T06:21:55.287Z
[HTTP] GET /api/notifications/unread-count - 2026-06-20T06:22:54.468Z
[HTTP] GET /api/notifications/unread-count - 2026-06-20T06:23:54.446Z
[HTTP] GET /api/notifications/unread-count - 2026-06-20T06:24:54.859Z
[HTTP] GET /api/notifications/unread-count - 2026-06-20T06:25:54.510Z
[HTTP] GET /api/notifications/unread-count - 2026-06-20T06:26:56.934Z
[HTTP] GET /api/notifications/unread-count - 2026-06-20T06:27:54.551Z
[HTTP] GET /api/notifications/unread-count - 2026-06-20T06:28:54.853Z
[HTTP] GET /api/notifications/unread-count - 2026-06-20T06:29:54.484Z
[HTTP] GET /api/notifications/unread-count - 2026-06-20T06:30:55.707Z
[HTTP] GET /api/notifications/unread-count - 2026-06-20T06:31:54.450Z
[HTTP] GET /api/notifications/unread-count - 2026-06-20T06:32:54.452Z
[HTTP] GET /api/notifications/unread-count - 2026-06-20T06:33:54.688Z
[HTTP] GET /api/notifications/unread-count - 2026-06-20T06:34:54.440Z
[HTTP] GET /api/notifications/unread-count - 2026-06-20T06:35:54.699Z
[HTTP] GET /api/notifications/unread-count - 2026-06-20T06:36:54.452Z
[HTTP] GET /api/notifications/unread-count - 2026-06-20T06:37:54.714Z
[HTTP] GET /api/notifications/unread-count - 2026-06-20T06:38:54.455Z
[HTTP] GET /api/notifications/unread-count - 2026-06-20T06:39:54.689Z
[HTTP] GET /api/notifications/unread-count - 2026-06-20T06:40:54.446Z
[HTTP] GET /api/notifications/unread-count - 2026-06-20T06:41:54.622Z
[HTTP] GET /api/notifications/unread-count - 2026-06-20T06:42:55.624Z
[HTTP] GET /api/notifications/unread-count - 2026-06-20T06:43:58.646Z
[HTTP] GET /api/notifications/unread-count - 2026-06-20T06:44:54.647Z
[HTTP] GET /api/notifications/unread-count - 2026-06-20T06:45:54.446Z
[HTTP] GET /api/notifications/unread-count - 2026-06-20T06:46:54.445Z
[HTTP] GET /api/notifications/unread-count - 2026-06-20T06:47:54.443Z
[HTTP] GET /api/notifications/unread-count - 2026-06-20T06:48:54.448Z
[HTTP] GET /api/notifications/unread-count - 2026-06-20T06:49:54.447Z
[HTTP] GET /api/notifications/unread-count - 2026-06-20T06:50:54.464Z
[HTTP] GET /api/notifications/unread-count - 2026-06-20T06:51:54.447Z
[HTTP] GET /api/notifications/unread-count - 2026-06-20T06:52:54.464Z
[HTTP] GET /api/notifications/unread-count - 2026-06-20T06:53:54.449Z
[HTTP] GET /api/notifications/unread-count - 2026-06-20T06:54:54.449Z
[HTTP] GET /api/notifications/unread-count - 2026-06-20T06:55:54.444Z
[HTTP] GET /api/notifications/unread-count - 2026-06-20T06:56:54.443Z
[HTTP] GET /api/notifications/unread-count - 2026-06-20T06:57:54.453Z
[HTTP] GET /api/notifications/unread-count - 2026-06-20T06:58:54.447Z
[HTTP] GET /api/notifications/unread-count - 2026-06-20T06:59:54.448Z
[HTTP] GET /api/notifications/unread-count - 2026-06-20T07:00:54.455Z
[HTTP] GET /api/notifications/unread-count - 2026-06-20T07:01:54.458Z
[HTTP] GET /api/notifications/unread-count - 2026-06-20T07:02:54.447Z
[HTTP] GET /api/notifications/unread-count - 2026-06-20T07:03:54.466Z
[HTTP] GET /api/notifications/unread-count - 2026-06-20T07:04:54.438Z
[HTTP] GET /api/notifications/unread-count - 2026-06-20T07:05:54.456Z
[HTTP] GET /api/notifications/unread-count - 2026-06-20T07:06:54.439Z
[HTTP] GET /api/notifications/unread-count - 2026-06-20T07:07:54.473Z
[HTTP] GET /api/ssl/6a362487a161f0e7b14bd633 - 2026-06-20T07:08:36.117Z
[HTTP] GET /api/alert-channels/monitor/6a362487a161f0e7b14bd633 - 2026-06-20T07:08:36.129Z
[HTTP] GET /api/alert-channels/monitor/6a362487a161f0e7b14bd633 - 2026-06-20T07:08:36.345Z
[HTTP] GET /api/ssl/6a362487a161f0e7b14bd633 - 2026-06-20T07:08:36.381Z
[HTTP] GET /api/notifications/unread-count - 2026-06-20T07:08:37.449Z
[HTTP] GET /api/ssl - 2026-06-20T07:08:38.777Z
[HTTP] GET /api/ssl - 2026-06-20T07:08:39.079Z
[HTTP] GET /api/ssl/6a362487a161f0e7b14bd633 - 2026-06-20T07:08:40.945Z
[HTTP] GET /api/alert-channels/monitor/6a362487a161f0e7b14bd633 - 2026-06-20T07:08:40.952Z
[HTTP] GET /api/ssl/6a362487a161f0e7b14bd633 - 2026-06-20T07:08:41.262Z
[HTTP] GET /api/alert-channels/monitor/6a362487a161f0e7b14bd633 - 2026-06-20T07:08:41.275Z
[HTTP] GET /api/ssl - 2026-06-20T07:08:42.979Z
[HTTP] GET /api/ssl - 2026-06-20T07:08:43.262Z
[HTTP] GET /api/ssl/6a362487a161f0e7b14bd633 - 2026-06-20T07:08:50.784Z
[HTTP] GET /api/alert-channels/monitor/6a362487a161f0e7b14bd633 - 2026-06-20T07:08:50.795Z
[HTTP] GET /api/alert-channels/monitor/6a362487a161f0e7b14bd633 - 2026-06-20T07:08:51.030Z
[HTTP] GET /api/ssl/6a362487a161f0e7b14bd633 - 2026-06-20T07:08:51.037Z
[HTTP] GET /api/ssl - 2026-06-20T07:08:54.004Z
[HTTP] GET /api/ssl - 2026-06-20T07:08:54.303Z
[HTTP] GET /api/notifications/unread-count - 2026-06-20T07:09:37.451Z
[HTTP] GET /api/notifications/unread-count - 2026-06-20T07:10:54.450Z
[HTTP] GET /api/notifications/unread-count - 2026-06-20T07:11:54.445Z
[HTTP] GET /api/notifications/unread-count - 2026-06-20T07:12:54.442Z
[HTTP] GET /api/notifications/unread-count - 2026-06-20T07:13:54.456Z
[HTTP] GET /api/notifications/unread-count - 2026-06-20T07:14:54.450Z
[HTTP] GET /api/notifications/unread-count - 2026-06-20T07:15:54.444Z
[HTTP] GET /api/notifications/unread-count - 2026-06-20T07:16:54.450Z
[HTTP] GET /api/notifications/unread-count - 2026-06-20T07:17:54.459Z
[HTTP] GET /api/notifications/unread-count - 2026-06-20T07:18:54.440Z
[HTTP] GET /api/notifications/unread-count - 2026-06-20T07:19:54.438Z
[HTTP] GET /api/notifications/unread-count - 2026-06-20T07:20:54.444Z
[HTTP] GET /api/notifications/unread-count - 2026-06-20T07:21:54.454Z
[HTTP] GET /api/notifications/unread-count - 2026-06-20T07:22:54.444Z
[HTTP] GET /api/notifications/unread-count - 2026-06-20T07:23:54.481Z
[HTTP] GET /api/notifications/unread-count - 2026-06-20T07:24:54.462Z
[HTTP] GET /api/notifications/unread-count - 2026-06-20T07:25:54.599Z
[HTTP] GET /api/notifications/unread-count - 2026-06-20T07:26:56.551Z
[HTTP] GET /api/notifications/unread-count - 2026-06-20T07:27:54.474Z
[HTTP] GET /api/notifications/unread-count - 2026-06-20T07:28:57.166Z
[HTTP] GET /api/notifications/unread-count - 2026-06-20T07:29:54.446Z
[HTTP] PATCH /api/ssl/6a362487a161f0e7b14bd633/toggle - 2026-06-20T07:30:14.585Z
[HTTP] PATCH /api/ssl/6a362487a161f0e7b14bd633/toggle - 2026-06-20T07:30:16.541Z
[HTTP] GET /api/auth/me - 2026-06-20T08:24:07.532Z
[HTTP] GET /api/apis - 2026-06-20T08:24:07.781Z
[HTTP] GET /api/heartbeats - 2026-06-20T08:24:07.793Z
[HTTP] GET /api/ssl - 2026-06-20T08:24:07.812Z
[HTTP] GET /api/dns - 2026-06-20T08:24:07.824Z
[HTTP] GET /api/tcp - 2026-06-20T08:24:07.880Z
[HTTP] GET /api/domains - 2026-06-20T08:24:08.108Z
[HTTP] GET /api/notifications/unread-count - 2026-06-20T08:24:29.383Z
[HTTP] GET /api/notifications/unread-count - 2026-06-20T08:24:29.687Z
[HTTP] GET /api/tcp - 2026-06-20T08:24:38.244Z
[HTTP] GET /api/tcp - 2026-06-20T08:24:38.561Z
[HTTP] GET /api/alert-channels - 2026-06-20T08:24:58.604Z
[HTTP] GET /api/alert-channels - 2026-06-20T08:24:59.042Z
[HTTP] GET /api/notifications/unread-count - 2026-06-20T08:25:29.687Z
[HTTP] GET /api/notifications/unread-count - 2026-06-20T08:26:30.993Z
[HTTP] GET /api/notifications/unread-count - 2026-06-20T08:27:29.456Z
[HTTP] GET /api/notifications/unread-count - 2026-06-20T08:28:29.643Z
[HTTP] GET /api/notifications/unread-count - 2026-06-20T08:29:29.443Z
[HTTP] GET /api/notifications/unread-count - 2026-06-20T08:30:32.165Z
[HTTP] GET /api/notifications/unread-count - 2026-06-20T08:31:56.373Z
[HTTP] GET /api/notifications/unread-count - 2026-06-20T08:32:54.451Z
[HTTP] GET /api/notifications/unread-count - 2026-06-20T08:33:54.842Z
[HTTP] GET /api/notifications/unread-count - 2026-06-20T08:34:54.550Z
[HTTP] GET /api/notifications/unread-count - 2026-06-20T08:35:54.524Z
[HTTP] GET /api/notifications/unread-count - 2026-06-20T08:36:55.648Z
[HTTP] GET /api/notifications/unread-count - 2026-06-20T08:37:54.444Z
[HTTP] GET /api/notifications/unread-count - 2026-06-20T08:38:54.839Z
[HTTP] GET /api/notifications/unread-count - 2026-06-20T08:39:54.453Z
[HTTP] GET /api/notifications/unread-count - 2026-06-20T08:40:54.453Z
[HTTP] GET /api/notifications/unread-count - 2026-06-20T08:41:55.155Z
[HTTP] GET /api/notifications/unread-count - 2026-06-20T08:43:54.456Z
[HTTP] GET /api/notifications/unread-count - 2026-06-20T08:44:44.475Z
[HTTP] GET /api/notifications/unread-count - 2026-06-20T08:45:29.442Z
[HTTP] GET /api/notifications/unread-count - 2026-06-20T08:46:29.441Z
[HTTP] GET /api/notifications/unread-count - 2026-06-20T08:47:29.446Z
[HTTP] GET /api/notifications/unread-count - 2026-06-20T08:48:30.184Z
[HTTP] GET /api/notifications/unread-count - 2026-06-20T08:49:33.722Z
[HTTP] GET /api/notifications/unread-count - 2026-06-20T08:50:54.464Z
[HTTP] GET /api/notifications/unread-count - 2026-06-20T08:51:54.875Z
[HTTP] GET /api/notifications/unread-count - 2026-06-20T08:52:54.504Z
[HTTP] GET /api/notifications/unread-count - 2026-06-20T08:53:54.573Z
[HTTP] GET /api/notifications/unread-count - 2026-06-20T08:54:54.587Z
[HTTP] GET /api/notifications/unread-count - 2026-06-20T08:55:54.439Z
[HTTP] GET /api/notifications/unread-count - 2026-06-20T08:56:54.453Z
[HTTP] GET /api/notifications/unread-count - 2026-06-20T08:57:54.444Z
[HTTP] GET /api/notifications/unread-count - 2026-06-20T08:58:54.446Z
[HTTP] GET /api/notifications/unread-count - 2026-06-20T08:59:54.458Z
[HTTP] GET /api/notifications/unread-count - 2026-06-20T09:00:54.444Z
[HTTP] GET /api/notifications/unread-count - 2026-06-20T09:01:54.444Z
[HTTP] GET /api/notifications/unread-count - 2026-06-20T09:02:54.456Z
[HTTP] GET /api/notifications/unread-count - 2026-06-20T09:03:42.741Z
[HTTP] GET /api/notifications/unread-count - 2026-06-20T09:04:29.379Z
[HTTP] POST /api/tcp - 2026-06-20T09:04:37.547Z
[HTTP] GET /api/tcp - 2026-06-20T09:04:42.446Z
[HTTP] GET /api/tcp/6a3657a5a161f0e7b14bdc79 - 2026-06-20T09:05:16.885Z
[HTTP] GET /api/tcp/6a3657a5a161f0e7b14bdc79/stats - 2026-06-20T09:05:16.900Z
[HTTP] GET /api/tcp/6a3657a5a161f0e7b14bdc79/logs?limit=50 - 2026-06-20T09:05:16.917Z
[HTTP] GET /api/alert-channels/monitor/6a3657a5a161f0e7b14bdc79 - 2026-06-20T09:05:16.923Z
[HTTP] GET /api/tcp/6a3657a5a161f0e7b14bdc79 - 2026-06-20T09:05:17.129Z
[HTTP] GET /api/alert-channels/monitor/6a3657a5a161f0e7b14bdc79 - 2026-06-20T09:05:17.162Z
[HTTP] GET /api/tcp/6a3657a5a161f0e7b14bdc79/logs?limit=50 - 2026-06-20T09:05:17.209Z
[HTTP] GET /api/tcp/6a3657a5a161f0e7b14bdc79/stats - 2026-06-20T09:05:17.214Z
[HTTP] GET /api/notifications/unread-count - 2026-06-20T09:05:29.441Z
[HTTP] GET /api/tcp/6a3657a5a161f0e7b14bdc79 - 2026-06-20T09:06:16.894Z
[HTTP] GET /api/tcp/6a3657a5a161f0e7b14bdc79/stats - 2026-06-20T09:06:16.902Z
[HTTP] GET /api/tcp/6a3657a5a161f0e7b14bdc79/logs?limit=50 - 2026-06-20T09:06:16.911Z
[HTTP] GET /api/alert-channels/monitor/6a3657a5a161f0e7b14bdc79 - 2026-06-20T09:06:16.917Z
[HTTP] GET /api/notifications/unread-count - 2026-06-20T09:06:29.464Z
[HTTP] GET /api/tcp - 2026-06-20T09:06:37.298Z
[HTTP] GET /api/tcp - 2026-06-20T09:06:37.596Z
[HTTP] PATCH /api/tcp/6a3657a5a161f0e7b14bdc79/toggle - 2026-06-20T09:06:39.580Z
[HTTP] GET /api/notifications/unread-count - 2026-06-20T09:07:29.441Z
[HTTP] GET /api/notifications/unread-count - 2026-06-20T09:08:29.451Z
[HTTP] PATCH /api/tcp/6a3657a5a161f0e7b14bdc79/toggle - 2026-06-20T09:09:17.628Z
[HTTP] GET /api/tcp/6a3657a5a161f0e7b14bdc79 - 2026-06-20T09:09:20.448Z
[HTTP] GET /api/tcp/6a3657a5a161f0e7b14bdc79/stats - 2026-06-20T09:09:20.452Z
[HTTP] GET /api/tcp/6a3657a5a161f0e7b14bdc79/logs?limit=50 - 2026-06-20T09:09:20.457Z
[HTTP] GET /api/alert-channels/monitor/6a3657a5a161f0e7b14bdc79 - 2026-06-20T09:09:20.465Z
[HTTP] GET /api/alert-channels/monitor/6a3657a5a161f0e7b14bdc79 - 2026-06-20T09:09:20.845Z
[HTTP] GET /api/tcp/6a3657a5a161f0e7b14bdc79/stats - 2026-06-20T09:09:20.898Z
[HTTP] GET /api/tcp/6a3657a5a161f0e7b14bdc79/logs?limit=50 - 2026-06-20T09:09:20.906Z
[HTTP] GET /api/tcp/6a3657a5a161f0e7b14bdc79 - 2026-06-20T09:09:20.924Z
[HTTP] GET /api/notifications/unread-count - 2026-06-20T09:09:29.441Z
[HTTP] GET /api/tcp/6a3657a5a161f0e7b14bdc79 - 2026-06-20T09:10:21.465Z
[HTTP] GET /api/tcp/6a3657a5a161f0e7b14bdc79/stats - 2026-06-20T09:10:21.476Z
[HTTP] GET /api/tcp/6a3657a5a161f0e7b14bdc79/logs?limit=50 - 2026-06-20T09:10:21.484Z
[HTTP] GET /api/alert-channels/monitor/6a3657a5a161f0e7b14bdc79 - 2026-06-20T09:10:21.494Z
[HTTP] GET /api/notifications/unread-count - 2026-06-20T09:10:29.462Z
[HTTP] GET /api/tcp/6a3657a5a161f0e7b14bdc79 - 2026-06-20T09:11:21.452Z
[HTTP] GET /api/tcp/6a3657a5a161f0e7b14bdc79/stats - 2026-06-20T09:11:21.456Z
[HTTP] GET /api/tcp/6a3657a5a161f0e7b14bdc79/logs?limit=50 - 2026-06-20T09:11:21.461Z
[HTTP] GET /api/alert-channels/monitor/6a3657a5a161f0e7b14bdc79 - 2026-06-20T09:11:21.465Z
[HTTP] GET /api/notifications/unread-count - 2026-06-20T09:11:29.464Z
[HTTP] GET /api/tcp/6a3657a5a161f0e7b14bdc79 - 2026-06-20T09:12:21.456Z
[HTTP] GET /api/tcp/6a3657a5a161f0e7b14bdc79/stats - 2026-06-20T09:12:21.470Z
[HTTP] GET /api/tcp/6a3657a5a161f0e7b14bdc79/logs?limit=50 - 2026-06-20T09:12:21.476Z
[HTTP] GET /api/alert-channels/monitor/6a3657a5a161f0e7b14bdc79 - 2026-06-20T09:12:21.480Z
[HTTP] GET /api/notifications/unread-count - 2026-06-20T09:12:29.449Z
[HTTP] GET /api/tcp/6a3657a5a161f0e7b14bdc79 - 2026-06-20T09:13:21.453Z
[HTTP] GET /api/tcp/6a3657a5a161f0e7b14bdc79/stats - 2026-06-20T09:13:21.458Z
[HTTP] GET /api/tcp/6a3657a5a161f0e7b14bdc79/logs?limit=50 - 2026-06-20T09:13:21.464Z
[HTTP] GET /api/alert-channels/monitor/6a3657a5a161f0e7b14bdc79 - 2026-06-20T09:13:21.469Z
[HTTP] GET /api/notifications/unread-count - 2026-06-20T09:13:29.472Z
[HTTP] GET /api/tcp/6a3657a5a161f0e7b14bdc79 - 2026-06-20T09:14:21.452Z
[HTTP] GET /api/tcp/6a3657a5a161f0e7b14bdc79/stats - 2026-06-20T09:14:21.457Z
[HTTP] GET /api/tcp/6a3657a5a161f0e7b14bdc79/logs?limit=50 - 2026-06-20T09:14:21.462Z
[HTTP] GET /api/alert-channels/monitor/6a3657a5a161f0e7b14bdc79 - 2026-06-20T09:14:21.467Z
[HTTP] GET /api/notifications/unread-count - 2026-06-20T09:14:54.454Z
[HTTP] GET /api/tcp/6a3657a5a161f0e7b14bdc79 - 2026-06-20T09:15:21.451Z
[HTTP] GET /api/tcp/6a3657a5a161f0e7b14bdc79/stats - 2026-06-20T09:15:21.456Z
[HTTP] GET /api/tcp/6a3657a5a161f0e7b14bdc79/logs?limit=50 - 2026-06-20T09:15:21.461Z
[HTTP] GET /api/alert-channels/monitor/6a3657a5a161f0e7b14bdc79 - 2026-06-20T09:15:21.465Z
[HTTP] GET /api/notifications/unread-count - 2026-06-20T09:15:54.454Z
[HTTP] GET /api/tcp/6a3657a5a161f0e7b14bdc79 - 2026-06-20T09:16:54.455Z
[HTTP] GET /api/tcp/6a3657a5a161f0e7b14bdc79/stats - 2026-06-20T09:16:54.461Z
[HTTP] GET /api/tcp/6a3657a5a161f0e7b14bdc79/logs?limit=50 - 2026-06-20T09:16:54.466Z
[HTTP] GET /api/alert-channels/monitor/6a3657a5a161f0e7b14bdc79 - 2026-06-20T09:16:54.472Z
[HTTP] GET /api/notifications/unread-count - 2026-06-20T09:16:54.479Z
[HTTP] GET /api/tcp/6a3657a5a161f0e7b14bdc79 - 2026-06-20T09:17:54.447Z
[HTTP] GET /api/tcp/6a3657a5a161f0e7b14bdc79/stats - 2026-06-20T09:17:54.451Z
[HTTP] GET /api/tcp/6a3657a5a161f0e7b14bdc79/logs?limit=50 - 2026-06-20T09:17:54.457Z
[HTTP] GET /api/alert-channels/monitor/6a3657a5a161f0e7b14bdc79 - 2026-06-20T09:17:54.461Z
[HTTP] GET /api/notifications/unread-count - 2026-06-20T09:17:54.467Z
[HTTP] GET /api/tcp/6a3657a5a161f0e7b14bdc79 - 2026-06-20T09:18:54.447Z
[HTTP] GET /api/tcp/6a3657a5a161f0e7b14bdc79/stats - 2026-06-20T09:18:54.452Z
[HTTP] GET /api/tcp/6a3657a5a161f0e7b14bdc79/logs?limit=50 - 2026-06-20T09:18:54.455Z
[HTTP] GET /api/alert-channels/monitor/6a3657a5a161f0e7b14bdc79 - 2026-06-20T09:18:54.460Z
[HTTP] GET /api/notifications/unread-count - 2026-06-20T09:18:54.464Z
[HTTP] GET /api/tcp/6a3657a5a161f0e7b14bdc79 - 2026-06-20T09:19:54.471Z
[HTTP] GET /api/tcp/6a3657a5a161f0e7b14bdc79/stats - 2026-06-20T09:19:54.492Z
[HTTP] GET /api/tcp/6a3657a5a161f0e7b14bdc79/logs?limit=50 - 2026-06-20T09:19:54.499Z
[HTTP] GET /api/alert-channels/monitor/6a3657a5a161f0e7b14bdc79 - 2026-06-20T09:19:54.510Z
[HTTP] GET /api/notifications/unread-count - 2026-06-20T09:19:54.522Z
[HTTP] GET /api/tcp/6a3657a5a161f0e7b14bdc79 - 2026-06-20T09:20:54.447Z
[HTTP] GET /api/tcp/6a3657a5a161f0e7b14bdc79/stats - 2026-06-20T09:20:54.454Z
[HTTP] GET /api/tcp/6a3657a5a161f0e7b14bdc79/logs?limit=50 - 2026-06-20T09:20:54.459Z
[HTTP] GET /api/alert-channels/monitor/6a3657a5a161f0e7b14bdc79 - 2026-06-20T09:20:54.462Z
[HTTP] GET /api/notifications/unread-count - 2026-06-20T09:20:54.466Z
[HTTP] GET /api/tcp/6a3657a5a161f0e7b14bdc79 - 2026-06-20T09:21:54.452Z
[HTTP] GET /api/tcp/6a3657a5a161f0e7b14bdc79/stats - 2026-06-20T09:21:54.463Z
[HTTP] GET /api/tcp/6a3657a5a161f0e7b14bdc79/logs?limit=50 - 2026-06-20T09:21:54.468Z
[HTTP] GET /api/alert-channels/monitor/6a3657a5a161f0e7b14bdc79 - 2026-06-20T09:21:54.472Z
[HTTP] GET /api/notifications/unread-count - 2026-06-20T09:21:54.476Z
[HTTP] GET /api/tcp/6a3657a5a161f0e7b14bdc79 - 2026-06-20T09:22:54.451Z
[HTTP] GET /api/tcp/6a3657a5a161f0e7b14bdc79/stats - 2026-06-20T09:22:54.458Z
[HTTP] GET /api/tcp/6a3657a5a161f0e7b14bdc79/logs?limit=50 - 2026-06-20T09:22:54.465Z
[HTTP] GET /api/alert-channels/monitor/6a3657a5a161f0e7b14bdc79 - 2026-06-20T09:22:54.470Z
[HTTP] GET /api/notifications/unread-count - 2026-06-20T09:22:54.475Z
[HTTP] GET /api/tcp/6a3657a5a161f0e7b14bdc79 - 2026-06-20T09:23:54.454Z
[HTTP] GET /api/tcp/6a3657a5a161f0e7b14bdc79/stats - 2026-06-20T09:23:54.460Z
[HTTP] GET /api/tcp/6a3657a5a161f0e7b14bdc79/logs?limit=50 - 2026-06-20T09:23:54.465Z
[HTTP] GET /api/alert-channels/monitor/6a3657a5a161f0e7b14bdc79 - 2026-06-20T09:23:54.470Z
[HTTP] GET /api/notifications/unread-count - 2026-06-20T09:23:54.474Z
[HTTP] GET /api/tcp/6a3657a5a161f0e7b14bdc79 - 2026-06-20T09:24:54.454Z
[HTTP] GET /api/tcp/6a3657a5a161f0e7b14bdc79/stats - 2026-06-20T09:24:54.459Z
[HTTP] GET /api/tcp/6a3657a5a161f0e7b14bdc79/logs?limit=50 - 2026-06-20T09:24:54.464Z
[HTTP] GET /api/alert-channels/monitor/6a3657a5a161f0e7b14bdc79 - 2026-06-20T09:24:54.469Z
[HTTP] GET /api/notifications/unread-count - 2026-06-20T09:24:54.473Z
[HTTP] GET /api/tcp/6a3657a5a161f0e7b14bdc79 - 2026-06-20T09:25:54.482Z
[HTTP] GET /api/tcp/6a3657a5a161f0e7b14bdc79/stats - 2026-06-20T09:25:54.487Z
[HTTP] GET /api/tcp/6a3657a5a161f0e7b14bdc79/logs?limit=50 - 2026-06-20T09:25:54.491Z
[HTTP] GET /api/alert-channels/monitor/6a3657a5a161f0e7b14bdc79 - 2026-06-20T09:25:54.495Z
[HTTP] GET /api/notifications/unread-count - 2026-06-20T09:25:54.499Z
[HTTP] GET /api/tcp/6a3657a5a161f0e7b14bdc79 - 2026-06-20T09:26:54.457Z
[HTTP] GET /api/tcp/6a3657a5a161f0e7b14bdc79/stats - 2026-06-20T09:26:54.462Z
[HTTP] GET /api/tcp/6a3657a5a161f0e7b14bdc79/logs?limit=50 - 2026-06-20T09:26:54.469Z
[HTTP] GET /api/alert-channels/monitor/6a3657a5a161f0e7b14bdc79 - 2026-06-20T09:26:54.475Z
[HTTP] GET /api/notifications/unread-count - 2026-06-20T09:26:54.481Z
[HTTP] GET /api/tcp/6a3657a5a161f0e7b14bdc79 - 2026-06-20T09:27:54.456Z
[HTTP] GET /api/tcp/6a3657a5a161f0e7b14bdc79/stats - 2026-06-20T09:27:54.465Z
[HTTP] GET /api/tcp/6a3657a5a161f0e7b14bdc79/logs?limit=50 - 2026-06-20T09:27:54.471Z
[HTTP] GET /api/notifications/unread-count - 2026-06-20T09:27:54.476Z
[HTTP] GET /api/alert-channels/monitor/6a3657a5a161f0e7b14bdc79 - 2026-06-20T09:27:54.479Z
[HTTP] GET /api/tcp/6a3657a5a161f0e7b14bdc79 - 2026-06-20T09:28:54.445Z
[HTTP] GET /api/tcp/6a3657a5a161f0e7b14bdc79/stats - 2026-06-20T09:28:54.452Z
[HTTP] GET /api/tcp/6a3657a5a161f0e7b14bdc79/logs?limit=50 - 2026-06-20T09:28:54.459Z
[HTTP] GET /api/alert-channels/monitor/6a3657a5a161f0e7b14bdc79 - 2026-06-20T09:28:54.464Z
[HTTP] GET /api/notifications/unread-count - 2026-06-20T09:28:54.470Z
[HTTP] GET /api/tcp/6a3657a5a161f0e7b14bdc79 - 2026-06-20T09:29:54.582Z
[HTTP] GET /api/tcp/6a3657a5a161f0e7b14bdc79/stats - 2026-06-20T09:29:54.594Z
[HTTP] GET /api/tcp/6a3657a5a161f0e7b14bdc79/logs?limit=50 - 2026-06-20T09:29:54.599Z
[HTTP] GET /api/alert-channels/monitor/6a3657a5a161f0e7b14bdc79 - 2026-06-20T09:29:54.605Z
[HTTP] GET /api/notifications/unread-count - 2026-06-20T09:29:54.613Z
[HTTP] GET /api/tcp/6a3657a5a161f0e7b14bdc79 - 2026-06-20T09:30:54.487Z
[HTTP] GET /api/tcp/6a3657a5a161f0e7b14bdc79/stats - 2026-06-20T09:30:54.492Z
[HTTP] GET /api/tcp/6a3657a5a161f0e7b14bdc79/logs?limit=50 - 2026-06-20T09:30:54.498Z
[HTTP] GET /api/alert-channels/monitor/6a3657a5a161f0e7b14bdc79 - 2026-06-20T09:30:54.503Z
[HTTP] GET /api/notifications/unread-count - 2026-06-20T09:30:54.508Z
[HTTP] GET /api/tcp/6a3657a5a161f0e7b14bdc79 - 2026-06-20T09:31:54.496Z
[HTTP] GET /api/tcp/6a3657a5a161f0e7b14bdc79/stats - 2026-06-20T09:31:54.501Z
[HTTP] GET /api/tcp/6a3657a5a161f0e7b14bdc79/logs?limit=50 - 2026-06-20T09:31:54.506Z
[HTTP] GET /api/alert-channels/monitor/6a3657a5a161f0e7b14bdc79 - 2026-06-20T09:31:54.510Z
[HTTP] GET /api/notifications/unread-count - 2026-06-20T09:31:54.514Z
[HTTP] GET /api/tcp/6a3657a5a161f0e7b14bdc79 - 2026-06-20T09:32:54.452Z
[HTTP] GET /api/tcp/6a3657a5a161f0e7b14bdc79/stats - 2026-06-20T09:32:54.466Z
[HTTP] GET /api/tcp/6a3657a5a161f0e7b14bdc79/logs?limit=50 - 2026-06-20T09:32:54.472Z
[HTTP] GET /api/alert-channels/monitor/6a3657a5a161f0e7b14bdc79 - 2026-06-20T09:32:54.476Z
[HTTP] GET /api/notifications/unread-count - 2026-06-20T09:32:54.481Z
[HTTP] GET /api/tcp/6a3657a5a161f0e7b14bdc79 - 2026-06-20T09:33:54.453Z
[HTTP] GET /api/tcp/6a3657a5a161f0e7b14bdc79/stats - 2026-06-20T09:33:54.457Z
[HTTP] GET /api/tcp/6a3657a5a161f0e7b14bdc79/logs?limit=50 - 2026-06-20T09:33:54.461Z
[HTTP] GET /api/alert-channels/monitor/6a3657a5a161f0e7b14bdc79 - 2026-06-20T09:33:54.465Z
[HTTP] GET /api/notifications/unread-count - 2026-06-20T09:33:54.470Z
[HTTP] GET /api/tcp/6a3657a5a161f0e7b14bdc79 - 2026-06-20T09:34:54.452Z
[HTTP] GET /api/tcp/6a3657a5a161f0e7b14bdc79/logs?limit=50 - 2026-06-20T09:34:54.458Z
[HTTP] GET /api/alert-channels/monitor/6a3657a5a161f0e7b14bdc79 - 2026-06-20T09:34:54.463Z
[HTTP] GET /api/tcp/6a3657a5a161f0e7b14bdc79/stats - 2026-06-20T09:34:54.468Z
[HTTP] GET /api/notifications/unread-count - 2026-06-20T09:34:54.474Z
[HTTP] GET /api/tcp/6a3657a5a161f0e7b14bdc79 - 2026-06-20T09:35:54.449Z
[HTTP] GET /api/tcp/6a3657a5a161f0e7b14bdc79/stats - 2026-06-20T09:35:54.454Z
[HTTP] GET /api/tcp/6a3657a5a161f0e7b14bdc79/logs?limit=50 - 2026-06-20T09:35:54.459Z
[HTTP] GET /api/alert-channels/monitor/6a3657a5a161f0e7b14bdc79 - 2026-06-20T09:35:54.463Z
[HTTP] GET /api/notifications/unread-count - 2026-06-20T09:35:54.468Z
[HTTP] GET /api/tcp/6a3657a5a161f0e7b14bdc79 - 2026-06-20T09:36:54.455Z
[HTTP] GET /api/tcp/6a3657a5a161f0e7b14bdc79/stats - 2026-06-20T09:36:54.463Z
[HTTP] GET /api/tcp/6a3657a5a161f0e7b14bdc79/logs?limit=50 - 2026-06-20T09:36:54.472Z
[HTTP] GET /api/alert-channels/monitor/6a3657a5a161f0e7b14bdc79 - 2026-06-20T09:36:54.478Z
[HTTP] GET /api/notifications/unread-count - 2026-06-20T09:36:54.483Z
[HTTP] GET /api/tcp/6a3657a5a161f0e7b14bdc79 - 2026-06-20T09:37:54.453Z
[HTTP] GET /api/tcp/6a3657a5a161f0e7b14bdc79/stats - 2026-06-20T09:37:54.458Z
[HTTP] GET /api/tcp/6a3657a5a161f0e7b14bdc79/logs?limit=50 - 2026-06-20T09:37:54.462Z
[HTTP] GET /api/alert-channels/monitor/6a3657a5a161f0e7b14bdc79 - 2026-06-20T09:37:54.466Z
[HTTP] GET /api/notifications/unread-count - 2026-06-20T09:37:54.470Z
[HTTP] GET /api/tcp/6a3657a5a161f0e7b14bdc79 - 2026-06-20T09:38:54.456Z
[HTTP] GET /api/tcp/6a3657a5a161f0e7b14bdc79/stats - 2026-06-20T09:38:54.463Z
[HTTP] GET /api/tcp/6a3657a5a161f0e7b14bdc79/logs?limit=50 - 2026-06-20T09:38:54.470Z
[HTTP] GET /api/alert-channels/monitor/6a3657a5a161f0e7b14bdc79 - 2026-06-20T09:38:54.474Z
[HTTP] GET /api/notifications/unread-count - 2026-06-20T09:38:54.479Z
[HTTP] GET /api/tcp/6a3657a5a161f0e7b14bdc79 - 2026-06-20T09:39:54.467Z
[HTTP] GET /api/tcp/6a3657a5a161f0e7b14bdc79/stats - 2026-06-20T09:39:54.473Z
[HTTP] GET /api/tcp/6a3657a5a161f0e7b14bdc79/logs?limit=50 - 2026-06-20T09:39:54.481Z
[HTTP] GET /api/alert-channels/monitor/6a3657a5a161f0e7b14bdc79 - 2026-06-20T09:39:54.488Z
[HTTP] GET /api/notifications/unread-count - 2026-06-20T09:39:54.493Z
[HTTP] GET /api/tcp/6a3657a5a161f0e7b14bdc79 - 2026-06-20T09:40:54.454Z
[HTTP] GET /api/tcp/6a3657a5a161f0e7b14bdc79/stats - 2026-06-20T09:40:54.466Z
[HTTP] GET /api/tcp/6a3657a5a161f0e7b14bdc79/logs?limit=50 - 2026-06-20T09:40:54.472Z
[HTTP] GET /api/alert-channels/monitor/6a3657a5a161f0e7b14bdc79 - 2026-06-20T09:40:54.476Z
[HTTP] GET /api/notifications/unread-count - 2026-06-20T09:40:54.481Z
[HTTP] GET /api/tcp/6a3657a5a161f0e7b14bdc79 - 2026-06-20T09:41:54.458Z
[HTTP] GET /api/tcp/6a3657a5a161f0e7b14bdc79/stats - 2026-06-20T09:41:54.465Z
[HTTP] GET /api/alert-channels/monitor/6a3657a5a161f0e7b14bdc79 - 2026-06-20T09:41:54.471Z
[HTTP] GET /api/notifications/unread-count - 2026-06-20T09:41:54.474Z
[HTTP] GET /api/tcp/6a3657a5a161f0e7b14bdc79/logs?limit=50 - 2026-06-20T09:41:54.479Z
[HTTP] GET /api/tcp/6a3657a5a161f0e7b14bdc79 - 2026-06-20T09:42:54.475Z
[HTTP] GET /api/tcp/6a3657a5a161f0e7b14bdc79/stats - 2026-06-20T09:42:54.485Z
[HTTP] GET /api/tcp/6a3657a5a161f0e7b14bdc79/logs?limit=50 - 2026-06-20T09:42:54.493Z
[HTTP] GET /api/alert-channels/monitor/6a3657a5a161f0e7b14bdc79 - 2026-06-20T09:42:54.506Z
[HTTP] GET /api/notifications/unread-count - 2026-06-20T09:42:54.519Z
[HTTP] GET /api/tcp/6a3657a5a161f0e7b14bdc79 - 2026-06-20T09:43:54.451Z
[HTTP] GET /api/tcp/6a3657a5a161f0e7b14bdc79/stats - 2026-06-20T09:43:54.462Z
[HTTP] GET /api/tcp/6a3657a5a161f0e7b14bdc79/logs?limit=50 - 2026-06-20T09:43:54.468Z
[HTTP] GET /api/alert-channels/monitor/6a3657a5a161f0e7b14bdc79 - 2026-06-20T09:43:54.473Z
[HTTP] GET /api/notifications/unread-count - 2026-06-20T09:43:54.477Z
[HTTP] GET /api/tcp/6a3657a5a161f0e7b14bdc79 - 2026-06-20T09:44:54.468Z
[HTTP] GET /api/tcp/6a3657a5a161f0e7b14bdc79/stats - 2026-06-20T09:44:54.479Z
[HTTP] GET /api/tcp/6a3657a5a161f0e7b14bdc79/logs?limit=50 - 2026-06-20T09:44:54.489Z
[HTTP] GET /api/alert-channels/monitor/6a3657a5a161f0e7b14bdc79 - 2026-06-20T09:44:54.494Z
[HTTP] GET /api/notifications/unread-count - 2026-06-20T09:44:54.500Z
[HTTP] GET /api/tcp/6a3657a5a161f0e7b14bdc79 - 2026-06-20T09:45:54.466Z
[HTTP] GET /api/tcp/6a3657a5a161f0e7b14bdc79/stats - 2026-06-20T09:45:54.471Z
[HTTP] GET /api/tcp/6a3657a5a161f0e7b14bdc79/logs?limit=50 - 2026-06-20T09:45:54.475Z
[HTTP] GET /api/alert-channels/monitor/6a3657a5a161f0e7b14bdc79 - 2026-06-20T09:45:54.479Z
[HTTP] GET /api/notifications/unread-count - 2026-06-20T09:45:54.482Z
[HTTP] GET /api/tcp/6a3657a5a161f0e7b14bdc79 - 2026-06-20T09:46:54.461Z
[HTTP] GET /api/tcp/6a3657a5a161f0e7b14bdc79/stats - 2026-06-20T09:46:54.466Z
[HTTP] GET /api/tcp/6a3657a5a161f0e7b14bdc79/logs?limit=50 - 2026-06-20T09:46:54.471Z
[HTTP] GET /api/alert-channels/monitor/6a3657a5a161f0e7b14bdc79 - 2026-06-20T09:46:54.475Z
[HTTP] GET /api/notifications/unread-count - 2026-06-20T09:46:54.479Z
[HTTP] GET /api/tcp/6a3657a5a161f0e7b14bdc79 - 2026-06-20T09:47:54.456Z
[HTTP] GET /api/tcp/6a3657a5a161f0e7b14bdc79/stats - 2026-06-20T09:47:54.465Z
[HTTP] GET /api/tcp/6a3657a5a161f0e7b14bdc79/logs?limit=50 - 2026-06-20T09:47:54.471Z
[HTTP] GET /api/alert-channels/monitor/6a3657a5a161f0e7b14bdc79 - 2026-06-20T09:47:54.475Z
[HTTP] GET /api/notifications/unread-count - 2026-06-20T09:47:54.481Z
[HTTP] GET /api/tcp/6a3657a5a161f0e7b14bdc79 - 2026-06-20T09:48:54.460Z
[HTTP] GET /api/tcp/6a3657a5a161f0e7b14bdc79/stats - 2026-06-20T09:48:54.468Z
[HTTP] GET /api/tcp/6a3657a5a161f0e7b14bdc79/logs?limit=50 - 2026-06-20T09:48:54.474Z
[HTTP] GET /api/alert-channels/monitor/6a3657a5a161f0e7b14bdc79 - 2026-06-20T09:48:54.482Z
[HTTP] GET /api/notifications/unread-count - 2026-06-20T09:48:54.490Z
[HTTP] GET /api/tcp/6a3657a5a161f0e7b14bdc79 - 2026-06-20T09:49:54.466Z
[HTTP] GET /api/tcp/6a3657a5a161f0e7b14bdc79/stats - 2026-06-20T09:49:54.476Z
[HTTP] GET /api/tcp/6a3657a5a161f0e7b14bdc79/logs?limit=50 - 2026-06-20T09:49:54.483Z
[HTTP] GET /api/alert-channels/monitor/6a3657a5a161f0e7b14bdc79 - 2026-06-20T09:49:54.488Z
[HTTP] GET /api/notifications/unread-count - 2026-06-20T09:49:54.493Z
[HTTP] GET /api/tcp/6a3657a5a161f0e7b14bdc79 - 2026-06-20T09:50:54.454Z
[HTTP] GET /api/tcp/6a3657a5a161f0e7b14bdc79/stats - 2026-06-20T09:50:54.460Z
[HTTP] GET /api/tcp/6a3657a5a161f0e7b14bdc79/logs?limit=50 - 2026-06-20T09:50:54.465Z
[HTTP] GET /api/alert-channels/monitor/6a3657a5a161f0e7b14bdc79 - 2026-06-20T09:50:54.470Z
[HTTP] GET /api/notifications/unread-count - 2026-06-20T09:50:54.476Z
[HTTP] GET /api/tcp/6a3657a5a161f0e7b14bdc79 - 2026-06-20T09:51:54.465Z
[HTTP] GET /api/tcp/6a3657a5a161f0e7b14bdc79/stats - 2026-06-20T09:51:54.472Z
[HTTP] GET /api/tcp/6a3657a5a161f0e7b14bdc79/logs?limit=50 - 2026-06-20T09:51:54.480Z
[HTTP] GET /api/alert-channels/monitor/6a3657a5a161f0e7b14bdc79 - 2026-06-20T09:51:54.489Z
[HTTP] GET /api/notifications/unread-count - 2026-06-20T09:51:54.493Z
[HTTP] GET /api/tcp/6a3657a5a161f0e7b14bdc79 - 2026-06-20T09:52:54.450Z
[HTTP] GET /api/tcp/6a3657a5a161f0e7b14bdc79/stats - 2026-06-20T09:52:54.456Z
[HTTP] GET /api/tcp/6a3657a5a161f0e7b14bdc79/logs?limit=50 - 2026-06-20T09:52:54.462Z
[HTTP] GET /api/alert-channels/monitor/6a3657a5a161f0e7b14bdc79 - 2026-06-20T09:52:54.468Z
[HTTP] GET /api/notifications/unread-count - 2026-06-20T09:52:54.472Z
[HTTP] GET /api/tcp/6a3657a5a161f0e7b14bdc79 - 2026-06-20T09:53:54.463Z
[HTTP] GET /api/tcp/6a3657a5a161f0e7b14bdc79/stats - 2026-06-20T09:53:54.471Z
[HTTP] GET /api/tcp/6a3657a5a161f0e7b14bdc79/logs?limit=50 - 2026-06-20T09:53:54.478Z
[HTTP] GET /api/alert-channels/monitor/6a3657a5a161f0e7b14bdc79 - 2026-06-20T09:53:54.486Z
[HTTP] GET /api/notifications/unread-count - 2026-06-20T09:53:54.493Z
[HTTP] GET /api/tcp/6a3657a5a161f0e7b14bdc79 - 2026-06-20T09:54:31.242Z
[HTTP] GET /api/tcp/6a3657a5a161f0e7b14bdc79/stats - 2026-06-20T09:54:31.248Z
[HTTP] GET /api/tcp/6a3657a5a161f0e7b14bdc79/logs?limit=50 - 2026-06-20T09:54:31.255Z
[HTTP] GET /api/alert-channels/monitor/6a3657a5a161f0e7b14bdc79 - 2026-06-20T09:54:31.260Z
[HTTP] GET /api/notifications/unread-count - 2026-06-20T09:54:31.268Z
[HTTP] GET /api/tcp - 2026-06-20T09:54:47.478Z
[HTTP] GET /api/tcp - 2026-06-20T09:54:47.746Z
[HTTP] PATCH /api/tcp/6a3657a5a161f0e7b14bdc79/toggle - 2026-06-20T09:54:49.660Z
[HTTP] GET /api/auth/me - 2026-06-20T09:55:25.148Z
[HTTP] GET /api/apis - 2026-06-20T09:55:25.153Z
[HTTP] GET /api/heartbeats - 2026-06-20T09:55:25.159Z
[HTTP] GET /api/ssl - 2026-06-20T09:55:25.165Z
[HTTP] GET /api/domains - 2026-06-20T09:55:25.175Z
[HTTP] GET /api/tcp - 2026-06-20T09:55:25.184Z
[HTTP] GET /api/dns - 2026-06-20T09:55:25.443Z
[HTTP] GET /api/notifications/unread-count - 2026-06-20T09:55:26.354Z
[HTTP] GET /api/tcp - 2026-06-20T09:55:26.371Z
[HTTP] GET /api/notifications/unread-count - 2026-06-20T09:55:26.588Z
[HTTP] GET /api/tcp - 2026-06-20T09:55:26.686Z
[HTTP] GET /api/notifications/unread-count - 2026-06-20T09:56:26.452Z
[HTTP] GET /api/notifications/unread-count - 2026-06-20T09:57:26.443Z
[HTTP] GET /api/notifications/unread-count - 2026-06-20T12:53:52.656Z
[HTTP] GET /api/notifications/unread-count - 2026-06-20T12:54:22.723Z
[HTTP] POST /api/auth/login - 2026-06-23T04:19:12.874Z
[HTTP] GET /api/apis - 2026-06-23T04:19:13.832Z
[HTTP] GET /api/heartbeats - 2026-06-23T04:19:13.863Z
[HTTP] GET /api/dns - 2026-06-23T04:19:13.889Z
[HTTP] GET /api/ssl - 2026-06-23T04:19:13.929Z
[HTTP] GET /api/domains - 2026-06-23T04:19:13.961Z
[HTTP] GET /api/tcp - 2026-06-23T04:19:13.992Z
[HTTP] GET /api/notifications/unread-count - 2026-06-23T04:19:14.406Z
[HTTP] GET /api/notifications/unread-count - 2026-06-23T04:19:14.765Z
[HTTP] GET /api/tcp - 2026-06-23T04:19:25.438Z
[HTTP] GET /api/tcp - 2026-06-23T04:19:26.299Z
[HTTP] GET /api/ssl - 2026-06-23T04:19:56.741Z
[HTTP] GET /api/ssl - 2026-06-23T04:19:57.252Z
[HTTP] GET /api/notifications/unread-count - 2026-06-23T04:20:14.267Z
[HTTP] GET /api/notifications/unread-count - 2026-06-23T04:21:14.970Z
[HTTP] GET /api/notifications/unread-count - 2026-06-23T04:22:14.969Z
[HTTP] GET /api/notifications/unread-count - 2026-06-23T04:23:15.095Z
[HTTP] GET /api/notifications/unread-count - 2026-06-23T04:24:14.989Z
[HTTP] GET /api/notifications/unread-count - 2026-06-23T04:25:15.051Z
[HTTP] GET /api/notifications/unread-count - 2026-06-23T04:26:19.067Z
[HTTP] GET /api/notifications/unread-count - 2026-06-23T04:27:19.095Z
[HTTP] GET /api/notifications/unread-count - 2026-06-23T04:28:18.998Z
[HTTP] GET /api/notifications/unread-count - 2026-06-23T04:29:19.192Z
[HTTP] GET /api/auth/me - 2026-07-25T14:09:29.833Z
[HTTP] GET /api/apis - 2026-07-25T14:09:29.905Z
[HTTP] GET /api/heartbeats - 2026-07-25T14:09:29.914Z
[HTTP] GET /api/ssl - 2026-07-25T14:09:29.930Z
[HTTP] GET /api/tcp - 2026-07-25T14:09:29.947Z
[HTTP] GET /api/dns - 2026-07-25T14:09:29.964Z
[HTTP] GET /api/domains - 2026-07-25T14:09:29.981Z
[HTTP] GET /api/notifications/unread-count - 2026-07-25T14:09:30.035Z
[HTTP] GET /api/domains - 2026-07-25T14:09:30.066Z
[HTTP] GET /api/notifications/unread-count - 2026-07-25T14:09:30.109Z
[HTTP] GET /api/domains - 2026-07-25T14:09:30.154Z
[HTTP] POST /api/auth/login - 2026-07-26T06:38:13.470Z
[HTTP] GET /api/apis - 2026-07-26T06:38:13.861Z
[HTTP] GET /api/tcp - 2026-07-26T06:38:13.881Z
[HTTP] GET /api/ssl - 2026-07-26T06:38:13.891Z
[HTTP] GET /api/dns - 2026-07-26T06:38:13.897Z
[HTTP] GET /api/heartbeats - 2026-07-26T06:38:13.904Z
[HTTP] GET /api/domains - 2026-07-26T06:38:13.911Z
[HTTP] GET /api/notifications/unread-count - 2026-07-26T06:38:14.180Z
[HTTP] GET /api/notifications/unread-count - 2026-07-26T06:38:14.693Z
[HTTP] GET /api/ssl - 2026-07-26T06:38:35.646Z
[HTTP] GET /api/ssl - 2026-07-26T06:38:38.382Z
[HTTP] GET /api/tcp - 2026-07-26T06:38:39.198Z
[HTTP] GET /api/tcp - 2026-07-26T06:38:41.345Z
[HTTP] GET /api/ssl - 2026-07-26T06:38:50.773Z
[HTTP] GET /api/ssl - 2026-07-26T06:38:52.882Z
[HTTP] GET /api/tcp - 2026-07-26T06:38:58.847Z
[HTTP] GET /api/tcp - 2026-07-26T06:39:00.584Z
[HTTP] GET /api/dns - 2026-07-26T06:39:04.463Z
[HTTP] GET /api/dns - 2026-07-26T06:39:06.578Z
[HTTP] GET /api/domains - 2026-07-26T06:39:10.415Z
[HTTP] GET /api/domains - 2026-07-26T06:39:11.715Z
[HTTP] GET /api/notifications/unread-count - 2026-07-26T06:39:14.022Z
[HTTP] GET /api/team - 2026-07-26T06:39:20.158Z
[HTTP] GET /api/team/org - 2026-07-26T06:39:20.161Z
[HTTP] GET /api/team/org - 2026-07-26T06:39:21.400Z
[HTTP] GET /api/team - 2026-07-26T06:39:21.638Z
[HTTP] GET /api/maintenance - 2026-07-26T06:39:31.757Z
[HTTP] GET /api/maintenance - 2026-07-26T06:39:32.772Z
[HTTP] GET /api/audit-log - 2026-07-26T06:39:52.685Z
[HTTP] GET /api/audit-log - 2026-07-26T06:39:54.682Z
[HTTP] GET /api/notifications/unread-count - 2026-07-26T06:40:14.014Z
[HTTP] GET /api/notifications/unread-count - 2026-07-26T06:40:47.882Z
[HTTP] GET /api/notifications/unread-count - 2026-07-26T06:40:48.817Z
[HTTP] GET /api/notifications/unread-count - 2026-07-26T06:41:48.107Z
[HTTP] GET /api/notifications/unread-count - 2026-07-26T06:42:48.104Z
[HTTP] GET /api/audit-log - 2026-07-26T06:43:41.841Z
[HTTP] GET /api/audit-log - 2026-07-26T06:43:43.423Z
[HTTP] GET /api/notifications/unread-count - 2026-07-26T06:43:47.876Z
[HTTP] GET /api/notifications - 2026-07-26T06:43:48.848Z
[HTTP] GET /api/team/invites/me - 2026-07-26T06:43:48.856Z
[HTTP] GET /api/notifications - 2026-07-26T06:43:50.928Z
[HTTP] GET /api/team/invites/me - 2026-07-26T06:43:51.217Z
[HTTP] GET /api/notifications/unread-count - 2026-07-26T06:44:48.098Z
[HTTP] GET /api/alert-channels - 2026-07-26T06:45:45.085Z
[HTTP] GET /api/alert-channels - 2026-07-26T06:45:45.955Z
[HTTP] GET /api/notifications/unread-count - 2026-07-26T06:45:48.104Z
[HTTP] GET /api/notifications/unread-count - 2026-07-26T06:46:48.113Z
[HTTP] GET /api/notifications/unread-count - 2026-07-26T06:47:48.107Z
[HTTP] GET /api/notifications/unread-count - 2026-07-26T06:49:26.113Z
[HTTP] GET /api/notifications/unread-count - 2026-07-26T06:50:26.118Z
[HTTP] GET /api/notifications/unread-count - 2026-07-26T06:51:26.097Z
[HTTP] GET /api/notifications/unread-count - 2026-07-26T06:51:47.886Z
[HTTP] GET /api/alert-channels - 2026-07-26T06:51:53.880Z
[HTTP] GET /api/alert-channels - 2026-07-26T06:51:54.288Z
[HTTP] POST /api/alert-channels - 2026-07-26T06:52:19.702Z
[HTTP] GET /api/alert-channels - 2026-07-26T06:52:20.901Z
[HTTP] GET /api/alert-channels - 2026-07-26T06:52:21.772Z
[HTTP] GET /api/notifications/unread-count - 2026-07-26T06:52:48.095Z
[HTTP] PATCH /api/apis/699dd971aee6d6d7114db0e1/toggle - 2026-07-26T06:53:15.694Z
[HTTP] GET /api/apis/699dd971aee6d6d7114db0e1/stats - 2026-07-26T06:53:22.476Z
[HTTP] GET /api/apis/699dd971aee6d6d7114db0e1/advanced-stats - 2026-07-26T06:53:22.484Z
[HTTP] GET /api/alert-channels/monitor/699dd971aee6d6d7114db0e1 - 2026-07-26T06:53:22.493Z
[HTTP] GET /api/alert-channels/monitor/699dd971aee6d6d7114db0e1 - 2026-07-26T06:53:24.054Z
[HTTP] GET /api/apis/699dd971aee6d6d7114db0e1/advanced-stats - 2026-07-26T06:53:24.070Z
[HTTP] GET /api/apis/699dd971aee6d6d7114db0e1/stats - 2026-07-26T06:53:24.807Z
[HTTP] GET /api/alert-channels - 2026-07-26T06:53:32.381Z
[HTTP] GET /api/alert-channels - 2026-07-26T06:53:33.254Z
[HTTP] GET /api/alert-channels - 2026-07-26T06:53:34.090Z
[HTTP] GET /api/alert-channels - 2026-07-26T06:53:34.676Z
[HTTP] PATCH /api/apis/699dd971aee6d6d7114db0e1 - 2026-07-26T06:53:37.076Z
[HTTP] GET /api/notifications/unread-count - 2026-07-26T06:53:47.888Z
[HTTP] GET /api/apis/699dd971aee6d6d7114db0e1/stats - 2026-07-26T06:54:26.003Z
[HTTP] GET /api/apis/699dd971aee6d6d7114db0e1/advanced-stats - 2026-07-26T06:54:26.009Z
[HTTP] GET /api/alert-channels/monitor/699dd971aee6d6d7114db0e1 - 2026-07-26T06:54:26.017Z
[HTTP] GET /api/alert-channels/monitor/699dd971aee6d6d7114db0e1 - 2026-07-26T06:54:26.233Z
[HTTP] GET /api/apis/699dd971aee6d6d7114db0e1/advanced-stats - 2026-07-26T06:54:26.272Z
[HTTP] GET /api/apis/699dd971aee6d6d7114db0e1/stats - 2026-07-26T06:54:26.320Z
[HTTP] GET /api/notifications/unread-count - 2026-07-26T06:54:48.113Z
[HTTP] GET /api/apis/699dd971aee6d6d7114db0e1/stats - 2026-07-26T06:55:39.625Z
[HTTP] GET /api/apis/699dd971aee6d6d7114db0e1/advanced-stats - 2026-07-26T06:55:39.630Z
[HTTP] GET /api/alert-channels/monitor/699dd971aee6d6d7114db0e1 - 2026-07-26T06:55:39.638Z
[HTTP] GET /api/alert-channels/monitor/699dd971aee6d6d7114db0e1 - 2026-07-26T06:55:39.989Z
[HTTP] GET /api/apis/699dd971aee6d6d7114db0e1/advanced-stats - 2026-07-26T06:55:40.144Z
[HTTP] GET /api/apis/699dd971aee6d6d7114db0e1/stats - 2026-07-26T06:55:40.619Z
[HTTP] GET /api/notifications/unread-count - 2026-07-26T06:55:47.875Z
[HTTP] GET /api/auth/me - 2026-07-26T06:56:03.223Z
[HTTP] GET /api/apis - 2026-07-26T06:56:03.243Z
[HTTP] GET /api/heartbeats - 2026-07-26T06:56:03.249Z
[HTTP] GET /api/ssl - 2026-07-26T06:56:03.256Z
[HTTP] GET /api/tcp - 2026-07-26T06:56:03.262Z
[HTTP] GET /api/dns - 2026-07-26T06:56:03.355Z
[HTTP] GET /api/domains - 2026-07-26T06:56:03.565Z
[HTTP] GET /api/notifications/unread-count - 2026-07-26T06:56:04.074Z
[HTTP] GET /api/notifications/unread-count - 2026-07-26T06:56:04.235Z
[HTTP] GET /api/apis/699dd971aee6d6d7114db0e1/stats - 2026-07-26T06:56:38.308Z
[HTTP] GET /api/apis/699dd971aee6d6d7114db0e1/advanced-stats - 2026-07-26T06:56:38.313Z
[HTTP] GET /api/alert-channels/monitor/699dd971aee6d6d7114db0e1 - 2026-07-26T06:56:38.320Z
[HTTP] GET /api/alert-channels/monitor/699dd971aee6d6d7114db0e1 - 2026-07-26T06:56:39.276Z
[HTTP] GET /api/apis/699dd971aee6d6d7114db0e1/advanced-stats - 2026-07-26T06:56:39.494Z
[HTTP] GET /api/apis/699dd971aee6d6d7114db0e1/stats - 2026-07-26T06:56:40.049Z
[HTTP] GET /api/notifications/unread-count - 2026-07-26T06:57:04.112Z
[HTTP] GET /api/notifications/unread-count - 2026-07-26T06:58:04.105Z
[HTTP] PATCH /api/apis/699dd971aee6d6d7114db0e1/toggle - 2026-07-26T06:58:07.729Z
[HTTP] GET /api/apis/699dd971aee6d6d7114db0e1/stats - 2026-07-26T06:58:11.224Z
[HTTP] GET /api/apis/699dd971aee6d6d7114db0e1/advanced-stats - 2026-07-26T06:58:11.228Z
[HTTP] GET /api/alert-channels/monitor/699dd971aee6d6d7114db0e1 - 2026-07-26T06:58:11.233Z
[HTTP] GET /api/alert-channels/monitor/699dd971aee6d6d7114db0e1 - 2026-07-26T06:58:12.332Z
[HTTP] GET /api/apis/699dd971aee6d6d7114db0e1/advanced-stats - 2026-07-26T06:58:12.604Z
[HTTP] GET /api/apis/699dd971aee6d6d7114db0e1/stats - 2026-07-26T06:58:13.225Z
[HTTP] GET /api/alert-channels - 2026-07-26T06:58:37.027Z
[HTTP] GET /api/alert-channels - 2026-07-26T06:58:37.775Z
[HTTP] POST /api/alert-channels/6a65aea4c242ad4754cabba3/test - 2026-07-26T06:58:47.145Z
[HTTP] POST /api/alert-channels/6a65aea4c242ad4754cabba3/test - 2026-07-26T06:58:49.491Z
[HTTP] DELETE /api/alert-channels/6a65aea4c242ad4754cabba3 - 2026-07-26T06:59:01.636Z
[HTTP] GET /api/notifications/unread-count - 2026-07-26T06:59:04.087Z
[HTTP] GET /api/notifications/unread-count - 2026-07-26T07:00:04.108Z
[HTTP] GET /api/notifications/unread-count - 2026-07-26T07:01:04.109Z
[HTTP] GET /api/notifications/unread-count - 2026-07-26T07:02:04.113Z
[HTTP] GET /api/notifications/unread-count - 2026-07-26T07:03:04.090Z
[HTTP] POST /api/alert-channels - 2026-07-26T07:03:08.094Z
[HTTP] GET /api/alert-channels - 2026-07-26T07:03:09.183Z
[HTTP] GET /api/alert-channels - 2026-07-26T07:03:09.835Z
[HTTP] PATCH /api/apis/699dd971aee6d6d7114db0e1/toggle - 2026-07-26T07:03:20.575Z
[HTTP] GET /api/apis/699dd971aee6d6d7114db0e1/stats - 2026-07-26T07:03:21.727Z
[HTTP] GET /api/apis/699dd971aee6d6d7114db0e1/advanced-stats - 2026-07-26T07:03:21.734Z
[HTTP] GET /api/alert-channels/monitor/699dd971aee6d6d7114db0e1 - 2026-07-26T07:03:21.739Z
[HTTP] GET /api/alert-channels/monitor/699dd971aee6d6d7114db0e1 - 2026-07-26T07:03:22.390Z
[HTTP] GET /api/apis/699dd971aee6d6d7114db0e1/advanced-stats - 2026-07-26T07:03:22.601Z
[HTTP] GET /api/apis/699dd971aee6d6d7114db0e1/stats - 2026-07-26T07:03:23.031Z
[HTTP] GET /api/alert-channels - 2026-07-26T07:03:27.202Z
[HTTP] GET /api/alert-channels - 2026-07-26T07:03:27.948Z
[HTTP] GET /api/alert-channels - 2026-07-26T07:03:28.786Z
[HTTP] GET /api/alert-channels - 2026-07-26T07:03:29.580Z
[HTTP] PATCH /api/apis/699dd971aee6d6d7114db0e1 - 2026-07-26T07:03:32.841Z
[HTTP] GET /api/auth/me - 2026-07-26T07:03:42.604Z
[HTTP] GET /api/tcp - 2026-07-26T07:03:42.618Z
[HTTP] GET /api/apis - 2026-07-26T07:03:42.621Z
[HTTP] GET /api/heartbeats - 2026-07-26T07:03:42.625Z
[HTTP] GET /api/ssl - 2026-07-26T07:03:42.631Z
[HTTP] GET /api/dns - 2026-07-26T07:03:42.734Z
[HTTP] GET /api/domains - 2026-07-26T07:03:43.923Z
[HTTP] GET /api/notifications/unread-count - 2026-07-26T07:03:44.215Z
[HTTP] GET /api/notifications/unread-count - 2026-07-26T07:03:45.069Z
[HTTP] GET /api/apis/699dd971aee6d6d7114db0e1/stats - 2026-07-26T07:03:52.795Z
[HTTP] GET /api/apis/699dd971aee6d6d7114db0e1/advanced-stats - 2026-07-26T07:03:52.800Z
[HTTP] GET /api/alert-channels/monitor/699dd971aee6d6d7114db0e1 - 2026-07-26T07:03:52.804Z
[HTTP] GET /api/alert-channels/monitor/699dd971aee6d6d7114db0e1 - 2026-07-26T07:03:53.762Z
[HTTP] GET /api/apis/699dd971aee6d6d7114db0e1/advanced-stats - 2026-07-26T07:03:53.956Z
[HTTP] GET /api/apis/699dd971aee6d6d7114db0e1/stats - 2026-07-26T07:03:54.357Z
[HTTP] GET /api/auth/me - 2026-07-26T07:04:26.668Z
[HTTP] GET /api/apis - 2026-07-26T07:04:26.679Z
[HTTP] GET /api/heartbeats - 2026-07-26T07:04:26.684Z
[HTTP] GET /api/ssl - 2026-07-26T07:04:26.689Z
[HTTP] GET /api/tcp - 2026-07-26T07:04:26.694Z
[HTTP] GET /api/dns - 2026-07-26T07:04:26.786Z
[HTTP] GET /api/domains - 2026-07-26T07:04:27.639Z
[HTTP] GET /api/notifications/unread-count - 2026-07-26T07:04:29.795Z
[HTTP] GET /api/notifications/unread-count - 2026-07-26T07:04:30.769Z
[HTTP] GET /api/apis/699dd971aee6d6d7114db0e1/stats - 2026-07-26T07:04:32.704Z
[HTTP] GET /api/apis/699dd971aee6d6d7114db0e1/advanced-stats - 2026-07-26T07:04:32.708Z
[HTTP] GET /api/alert-channels/monitor/699dd971aee6d6d7114db0e1 - 2026-07-26T07:04:32.715Z
[HTTP] GET /api/alert-channels/monitor/699dd971aee6d6d7114db0e1 - 2026-07-26T07:04:33.257Z
[HTTP] GET /api/apis/699dd971aee6d6d7114db0e1/advanced-stats - 2026-07-26T07:04:33.485Z
[HTTP] GET /api/apis/699dd971aee6d6d7114db0e1/stats - 2026-07-26T07:04:34.638Z
[HTTP] GET /api/apis/699dd971aee6d6d7114db0e1/stats - 2026-07-26T07:04:54.828Z
[HTTP] GET /api/apis/699dd971aee6d6d7114db0e1/advanced-stats - 2026-07-26T07:04:54.836Z
[HTTP] GET /api/alert-channels/monitor/699dd971aee6d6d7114db0e1 - 2026-07-26T07:04:54.843Z
[HTTP] GET /api/alert-channels/monitor/699dd971aee6d6d7114db0e1 - 2026-07-26T07:04:55.454Z
[HTTP] GET /api/apis/699dd971aee6d6d7114db0e1/advanced-stats - 2026-07-26T07:04:55.585Z
[HTTP] GET /api/apis/699dd971aee6d6d7114db0e1/stats - 2026-07-26T07:04:56.155Z
[HTTP] GET /api/notifications/unread-count - 2026-07-26T07:05:30.100Z
[HTTP] GET /api/apis/699dd971aee6d6d7114db0e1/stats - 2026-07-26T07:05:47.567Z
[HTTP] GET /api/apis/699dd971aee6d6d7114db0e1/advanced-stats - 2026-07-26T07:05:47.574Z
[HTTP] GET /api/alert-channels/monitor/699dd971aee6d6d7114db0e1 - 2026-07-26T07:05:47.587Z
[HTTP] GET /api/alert-channels/monitor/699dd971aee6d6d7114db0e1 - 2026-07-26T07:05:48.226Z
[HTTP] GET /api/apis/699dd971aee6d6d7114db0e1/advanced-stats - 2026-07-26T07:05:48.347Z
[HTTP] GET /api/apis/699dd971aee6d6d7114db0e1/stats - 2026-07-26T07:05:48.652Z
[HTTP] GET /api/notifications/unread-count - 2026-07-26T07:06:30.100Z
[HTTP] PATCH /api/apis/699dd971aee6d6d7114db0e1/toggle - 2026-07-26T07:06:37.903Z
[HTTP] GET /api/apis/699dd971aee6d6d7114db0e1/stats - 2026-07-26T07:06:40.877Z
[HTTP] GET /api/apis/699dd971aee6d6d7114db0e1/advanced-stats - 2026-07-26T07:06:40.887Z
[HTTP] GET /api/alert-channels/monitor/699dd971aee6d6d7114db0e1 - 2026-07-26T07:06:40.894Z
[HTTP] GET /api/alert-channels/monitor/699dd971aee6d6d7114db0e1 - 2026-07-26T07:06:42.185Z
[HTTP] GET /api/apis/699dd971aee6d6d7114db0e1/advanced-stats - 2026-07-26T07:06:42.491Z
[HTTP] GET /api/apis/699dd971aee6d6d7114db0e1/stats - 2026-07-26T07:06:43.251Z
[HTTP] GET /api/auth/me - 2026-07-26T07:06:56.685Z
[HTTP] GET /api/dns - 2026-07-26T07:06:56.716Z
[HTTP] GET /api/apis - 2026-07-26T07:06:56.721Z
[HTTP] GET /api/heartbeats - 2026-07-26T07:06:56.726Z
[HTTP] GET /api/ssl - 2026-07-26T07:06:56.733Z
[HTTP] GET /api/tcp - 2026-07-26T07:06:56.817Z
[HTTP] GET /api/domains - 2026-07-26T07:07:00.493Z
[HTTP] GET /api/apis/699dd971aee6d6d7114db0e1/advanced-stats - 2026-07-26T07:07:01.137Z
[HTTP] GET /api/notifications/unread-count - 2026-07-26T07:07:01.142Z
[HTTP] GET /api/apis/699dd971aee6d6d7114db0e1/stats - 2026-07-26T07:07:01.149Z
[HTTP] GET /api/alert-channels/monitor/699dd971aee6d6d7114db0e1 - 2026-07-26T07:07:01.156Z
[HTTP] GET /api/apis/699dd971aee6d6d7114db0e1/advanced-stats - 2026-07-26T07:07:02.688Z
[HTTP] GET /api/notifications/unread-count - 2026-07-26T07:07:02.744Z
[HTTP] GET /api/alert-channels/monitor/699dd971aee6d6d7114db0e1 - 2026-07-26T07:07:02.900Z
[HTTP] GET /api/apis/699dd971aee6d6d7114db0e1/stats - 2026-07-26T07:07:03.406Z
[HTTP] GET /api/apis/incidents/all - 2026-07-26T07:07:24.494Z
[HTTP] GET /api/apis/incidents/all - 2026-07-26T07:07:26.288Z
[HTTP] PATCH /api/apis/699dd971aee6d6d7114db0e1/toggle - 2026-07-26T07:07:37.803Z
[HTTP] GET /api/notifications/unread-count - 2026-07-26T07:08:01.135Z
[HTTP] GET /api/auth/me - 2026-07-26T07:08:55.975Z
[HTTP] GET /api/tcp - 2026-07-26T07:08:55.993Z
[HTTP] GET /api/apis - 2026-07-26T07:08:55.997Z
[HTTP] GET /api/heartbeats - 2026-07-26T07:08:56.002Z
[HTTP] GET /api/ssl - 2026-07-26T07:08:56.007Z
[HTTP] GET /api/dns - 2026-07-26T07:08:56.105Z
[HTTP] GET /api/domains - 2026-07-26T07:08:57.663Z
[HTTP] GET /api/notifications/unread-count - 2026-07-26T07:08:59.283Z
[HTTP] GET /api/notifications/unread-count - 2026-07-26T07:08:59.735Z
[HTTP] GET /api/notifications/unread-count - 2026-07-26T07:10:00.117Z
[HTTP] PATCH /api/apis/699dd971aee6d6d7114db0e1/toggle - 2026-07-26T07:10:17.368Z
[HTTP] PATCH /api/apis/699dd971aee6d6d7114db0e1/toggle - 2026-07-26T07:10:22.139Z
[HTTP] GET /api/apis/699dd971aee6d6d7114db0e1/stats - 2026-07-26T07:10:23.584Z
[HTTP] GET /api/apis/699dd971aee6d6d7114db0e1/advanced-stats - 2026-07-26T07:10:23.592Z
[HTTP] GET /api/alert-channels/monitor/699dd971aee6d6d7114db0e1 - 2026-07-26T07:10:23.598Z
[HTTP] GET /api/alert-channels/monitor/699dd971aee6d6d7114db0e1 - 2026-07-26T07:10:26.400Z
[HTTP] GET /api/apis/699dd971aee6d6d7114db0e1/advanced-stats - 2026-07-26T07:10:26.659Z
[HTTP] GET /api/apis/699dd971aee6d6d7114db0e1/stats - 2026-07-26T07:10:27.260Z
[HTTP] DELETE /api/apis/699dd971aee6d6d7114db0e1 - 2026-07-26T07:10:37.502Z
[HTTP] GET /api/notifications/unread-count - 2026-07-26T07:10:59.285Z
[HTTP] GET /api/apis/6a354e0a475b4f75e7a800cf/stats - 2026-07-26T07:11:01.138Z
[HTTP] GET /api/apis/6a354e0a475b4f75e7a800cf/advanced-stats - 2026-07-26T07:11:01.142Z
[HTTP] GET /api/alert-channels/monitor/6a354e0a475b4f75e7a800cf - 2026-07-26T07:11:01.147Z
[HTTP] GET /api/alert-channels/monitor/6a354e0a475b4f75e7a800cf - 2026-07-26T07:11:02.111Z
[HTTP] GET /api/apis/6a354e0a475b4f75e7a800cf/advanced-stats - 2026-07-26T07:11:02.374Z
[HTTP] GET /api/apis/6a354e0a475b4f75e7a800cf/stats - 2026-07-26T07:11:02.786Z
[HTTP] GET /api/alert-channels - 2026-07-26T07:11:27.073Z
[HTTP] GET /api/alert-channels - 2026-07-26T07:11:28.242Z
[HTTP] GET /api/alert-channels - 2026-07-26T07:11:29.147Z
[HTTP] GET /api/alert-channels - 2026-07-26T07:11:30.739Z
[HTTP] PATCH /api/apis/6a354e0a475b4f75e7a800cf - 2026-07-26T07:11:32.392Z
[HTTP] PATCH /api/apis/6a354e0a475b4f75e7a800cf/toggle - 2026-07-26T07:11:36.765Z
[HTTP] GET /api/notifications/unread-count - 2026-07-26T07:11:59.285Z
[HTTP] GET /api/notifications/unread-count - 2026-07-26T07:12:59.284Z
[HTTP] GET /api/apis/6a354e0a475b4f75e7a800cf/stats - 2026-07-26T07:13:18.092Z
[HTTP] GET /api/apis/6a354e0a475b4f75e7a800cf/advanced-stats - 2026-07-26T07:13:18.098Z
[HTTP] GET /api/alert-channels/monitor/6a354e0a475b4f75e7a800cf - 2026-07-26T07:13:18.106Z
[HTTP] GET /api/alert-channels/monitor/6a354e0a475b4f75e7a800cf - 2026-07-26T07:13:18.826Z
[HTTP] GET /api/apis/6a354e0a475b4f75e7a800cf/advanced-stats - 2026-07-26T07:13:19.012Z
[HTTP] GET /api/apis/6a354e0a475b4f75e7a800cf/stats - 2026-07-26T07:13:19.389Z
[HTTP] GET /api/notifications/unread-count - 2026-07-26T07:14:00.109Z
[HTTP] GET /api/notifications/unread-count - 2026-07-26T07:14:59.289Z
[HTTP] PATCH /api/apis/6a354e0a475b4f75e7a800cf/toggle - 2026-07-26T07:15:42.635Z
[HTTP] GET /api/apis/6a354e0a475b4f75e7a800cf/stats - 2026-07-26T07:15:54.539Z
[HTTP] GET /api/apis/6a354e0a475b4f75e7a800cf/advanced-stats - 2026-07-26T07:15:54.545Z
[HTTP] GET /api/alert-channels/monitor/6a354e0a475b4f75e7a800cf - 2026-07-26T07:15:54.550Z
[HTTP] GET /api/alert-channels/monitor/6a354e0a475b4f75e7a800cf - 2026-07-26T07:15:55.931Z
[HTTP] GET /api/apis/6a354e0a475b4f75e7a800cf/advanced-stats - 2026-07-26T07:15:56.240Z
[HTTP] GET /api/apis/6a354e0a475b4f75e7a800cf/stats - 2026-07-26T07:15:56.812Z
[HTTP] GET /api/notifications/unread-count - 2026-07-26T07:15:59.283Z
[HTTP] PATCH /api/apis/6a354e0a475b4f75e7a800cf - 2026-07-26T07:16:04.928Z
[HTTP] GET /api/notifications/unread-count - 2026-07-26T07:17:00.107Z
[HTTP] GET /api/auth/me - 2026-07-26T07:19:26.072Z
[HTTP] GET /api/apis - 2026-07-26T07:19:26.104Z
[HTTP] GET /api/heartbeats - 2026-07-26T07:19:26.109Z
[HTTP] GET /api/ssl - 2026-07-26T07:19:26.117Z
[HTTP] GET /api/tcp - 2026-07-26T07:19:26.122Z
[HTTP] GET /api/dns - 2026-07-26T07:19:26.203Z
[HTTP] GET /api/domains - 2026-07-26T07:19:37.573Z
[HTTP] GET /api/notifications/unread-count - 2026-07-26T07:19:40.280Z
[HTTP] GET /api/apis/6a354e0a475b4f75e7a800cf/stats - 2026-07-26T07:19:40.289Z
[HTTP] GET /api/apis/6a354e0a475b4f75e7a800cf/advanced-stats - 2026-07-26T07:19:40.297Z
[HTTP] GET /api/alert-channels/monitor/6a354e0a475b4f75e7a800cf - 2026-07-26T07:19:40.301Z
[HTTP] GET /api/notifications/unread-count - 2026-07-26T07:19:41.624Z
[HTTP] GET /api/alert-channels/monitor/6a354e0a475b4f75e7a800cf - 2026-07-26T07:19:41.632Z
[HTTP] GET /api/apis/6a354e0a475b4f75e7a800cf/advanced-stats - 2026-07-26T07:19:41.939Z
[HTTP] GET /api/apis/6a354e0a475b4f75e7a800cf/stats - 2026-07-26T07:19:43.019Z
[HTTP] GET /api/notifications/unread-count - 2026-07-26T07:20:41.102Z
[HTTP] PATCH /api/apis/6a354e0a475b4f75e7a800cf/toggle - 2026-07-26T07:20:48.687Z
[HTTP] GET /api/apis/6a354e0a475b4f75e7a800cf/stats - 2026-07-26T07:20:49.616Z
[HTTP] GET /api/apis/6a354e0a475b4f75e7a800cf/advanced-stats - 2026-07-26T07:20:49.621Z
[HTTP] GET /api/alert-channels/monitor/6a354e0a475b4f75e7a800cf - 2026-07-26T07:20:49.626Z
[HTTP] GET /api/apis/6a354e0a475b4f75e7a800cf/advanced-stats - 2026-07-26T07:20:51.345Z
[HTTP] GET /api/alert-channels/monitor/6a354e0a475b4f75e7a800cf - 2026-07-26T07:20:51.532Z
[HTTP] GET /api/apis/6a354e0a475b4f75e7a800cf/stats - 2026-07-26T07:20:53.621Z
[HTTP] GET /api/apis/6a354e0a475b4f75e7a800cf/stats - 2026-07-26T07:21:24.313Z
[HTTP] GET /api/apis/6a354e0a475b4f75e7a800cf/advanced-stats - 2026-07-26T07:21:24.318Z
[HTTP] GET /api/alert-channels/monitor/6a354e0a475b4f75e7a800cf - 2026-07-26T07:21:24.322Z
[HTTP] GET /api/alert-channels/monitor/6a354e0a475b4f75e7a800cf - 2026-07-26T07:21:25.620Z
[HTTP] GET /api/apis/6a354e0a475b4f75e7a800cf/advanced-stats - 2026-07-26T07:21:25.935Z
[HTTP] GET /api/apis/6a354e0a475b4f75e7a800cf/stats - 2026-07-26T07:21:27.214Z
[HTTP] PATCH /api/apis/6a354e0a475b4f75e7a800cf - 2026-07-26T07:21:34.339Z
[HTTP] GET /api/notifications/unread-count - 2026-07-26T07:21:41.106Z
[HTTP] GET /api/apis/6a354e0a475b4f75e7a800cf/stats - 2026-07-26T07:22:27.058Z
[HTTP] GET /api/apis/6a354e0a475b4f75e7a800cf/advanced-stats - 2026-07-26T07:22:27.064Z
[HTTP] GET /api/alert-channels/monitor/6a354e0a475b4f75e7a800cf - 2026-07-26T07:22:27.069Z
[HTTP] GET /api/apis/6a354e0a475b4f75e7a800cf/advanced-stats - 2026-07-26T07:22:27.898Z
[HTTP] GET /api/alert-channels/monitor/6a354e0a475b4f75e7a800cf - 2026-07-26T07:22:27.904Z
[HTTP] GET /api/apis/6a354e0a475b4f75e7a800cf/stats - 2026-07-26T07:22:28.341Z
[HTTP] GET /api/alert-channels - 2026-07-26T07:22:31.077Z
[HTTP] GET /api/alert-channels - 2026-07-26T07:22:31.851Z
[HTTP] GET /api/alert-channels - 2026-07-26T07:22:32.491Z
[HTTP] GET /api/alert-channels - 2026-07-26T07:22:33.299Z
[HTTP] GET /api/notifications/unread-count - 2026-07-26T07:22:41.106Z
[HTTP] GET /api/apis/6a354e0a475b4f75e7a800cf/stats - 2026-07-26T07:23:05.090Z
[HTTP] GET /api/apis/6a354e0a475b4f75e7a800cf/advanced-stats - 2026-07-26T07:23:05.096Z
[HTTP] GET /api/alert-channels/monitor/6a354e0a475b4f75e7a800cf - 2026-07-26T07:23:05.100Z
[HTTP] GET /api/apis/6a354e0a475b4f75e7a800cf/advanced-stats - 2026-07-26T07:23:06.573Z
[HTTP] GET /api/alert-channels/monitor/6a354e0a475b4f75e7a800cf - 2026-07-26T07:23:06.795Z
[HTTP] GET /api/apis/6a354e0a475b4f75e7a800cf/stats - 2026-07-26T07:23:06.914Z
[HTTP] PATCH /api/apis/6a354e0a475b4f75e7a800cf - 2026-07-26T07:23:12.123Z
[HTTP] GET /api/notifications/unread-count - 2026-07-26T07:23:40.283Z
[HTTP] GET /api/apis/6a354e0a475b4f75e7a800cf/stats - 2026-07-26T07:23:57.889Z
[HTTP] GET /api/apis/6a354e0a475b4f75e7a800cf/advanced-stats - 2026-07-26T07:23:57.895Z
[HTTP] GET /api/alert-channels/monitor/6a354e0a475b4f75e7a800cf - 2026-07-26T07:23:57.901Z
[HTTP] GET /api/apis/6a354e0a475b4f75e7a800cf/advanced-stats - 2026-07-26T07:23:58.987Z
[HTTP] GET /api/alert-channels/monitor/6a354e0a475b4f75e7a800cf - 2026-07-26T07:23:58.994Z
[HTTP] GET /api/apis/6a354e0a475b4f75e7a800cf/stats - 2026-07-26T07:23:59.313Z
[HTTP] PATCH /api/apis/6a354e0a475b4f75e7a800cf/toggle - 2026-07-26T07:24:08.050Z
[HTTP] GET /api/notifications/unread-count - 2026-07-26T07:24:41.099Z
[HTTP] GET /api/notifications/unread-count - 2026-07-26T07:25:41.114Z
